id,first_name,last_name,email,username,password,country
1,Ralina,Duffrie,rduffrie0@t.co,rduffrie0,uLl302bPyDJ,China
2,Nicolette,Del Castello,ndelcastello1@amazonaws.com,ndelcastello1,gjyB2XxB7,Indonesia
3,Genni,Yurinov,gyurinov2@uol.com.br,gyurinov2,0CIp3rcmW0,Brazil
4,Isidoro,Schach,ischach3@dedecms.com,ischach3,kfakLtCZ,Japan
5,Lib,Laise,llaise4@com.com,llaise4,8hVsiA,Iran
6,Matty,Coole,mcoole5@house.gov,mcoole5,ZkOblHvjW,Luxembourg
7,Etheline,Kid,ekid6@sitemeter.com,ekid6,5QDu5hzze2pn,Nigeria
8,Marylou,Youson,myouson7@state.gov,myouson7,uDV2RdfM,Curacao
9,Zia,Chewter,zchewter8@springer.com,zchewter8,MXCi9pYkX,Togo
10,Portie,Satterly,psatterly9@cargocollective.com,psatterly9,ZkjOTfF,Indonesia
11,Lynnett,Salatino,lsalatinoa@tinypic.com,lsalatinoa,yvyx8sfHiynG,Pakistan
12,Katharyn,Cossons,kcossonsb@walmart.com,kcossonsb,DirvUu,Indonesia
13,Kayla,Hargroves,khargrovesc@deliciousdays.com,khargrovesc,j1kpFfFPB2,Uruguay
14,Wash,Stansfield,wstansfieldd@cargocollective.com,wstansfieldd,Ip82dLvEVK8,Brazil
15,Harriot,Krystek,hkrysteke@hugedomains.com,hkrysteke,1lypdW,Sweden
16,Moises,Dainty,mdaintyf@deviantart.com,mdaintyf,LU8ZvgPtRt8,Egypt
17,Christean,Ghidotti,cghidottig@youku.com,cghidottig,llo5KH,China
18,Dawn,Oldis,doldish@webnode.com,doldish,L2iU197ixNqq,China
19,Averil,Benardet,abenardeti@microsoft.com,abenardeti,70R5rJ,Russia
20,Emlynn,Jayne,ejaynej@huffingtonpost.com,ejaynej,UerJxH9pn,China
21,Mariquilla,Prichard,mprichardk@bloglovin.com,mprichardk,lsn2U6DrN0Ee,Indonesia
22,Arly,Barbosa,abarbosal@wunderground.com,abarbosal,emuKKxZI5uJV,Russia
23,Rebekah,Czajkowska,rczajkowskam@gizmodo.com,rczajkowskam,bK10MAxk9if,China
24,Hussein,Jirus,hjirusn@dion.ne.jp,hjirusn,wqmYoi2dTgI,Albania
25,Valerye,McKiernan,vmckiernano@google.it,vmckiernano,vMmGIla8Is,Colombia
26,Waldemar,Hackey,whackeyp@auda.org.au,whackeyp,TqjIY0bjnsZ,Philippines
27,Veronike,Munnings,vmunningsq@cbslocal.com,vmunningsq,cYc0mCo9KzrY,Philippines
28,Cheslie,Chillingsworth,cchillingsworthr@artisteer.com,cchillingsworthr,cjmK4vkOp6z2,China
29,Sibelle,Bubbings,sbubbingss@constantcontact.com,sbubbingss,iy76Te,Russia
30,Batsheva,Eldritt,beldrittt@bizjournals.com,beldrittt,yBrLbEB,Sweden
31,Allyn,Noir,anoiru@google.de,anoiru,jNU3GNVh,Philippines
32,Izaak,Bewlay,ibewlayv@artisteer.com,ibewlayv,mxZUXgjTspj2,United States
33,Aidan,Stuehmeyer,astuehmeyerw@economist.com,astuehmeyerw,ZkuHhnGMHBe,Colombia
34,Wyn,Bulford,wbulfordx@hud.gov,wbulfordx,clXdeCOQ,Indonesia
35,Aurthur,Messingham,amessinghamy@mashable.com,amessinghamy,GpGNUN,Czech Republic
36,Worth,Minors,wminorsz@ning.com,wminorsz,mhpCmOw,Honduras
37,Randie,Pallis,rpallis10@seesaa.net,rpallis10,qz1hHa,Portugal
38,Sandra,Meardon,smeardon11@nba.com,smeardon11,LzMgpL,Afghanistan
39,Heywood,Furmston,hfurmston12@geocities.com,hfurmston12,EOlZIiH,China
40,Phillis,Lambie,plambie13@nature.com,plambie13,meHw3OMAn,Myanmar
41,Gilbertina,Penberthy,gpenberthy14@woothemes.com,gpenberthy14,GLs2ExVSqC,Pakistan
42,Richart,Nesby,rnesby15@wiley.com,rnesby15,QgzX9nfX7,France
43,Francesco,Dawdary,fdawdary16@spotify.com,fdawdary16,P7j50X5DOu,Mexico
44,Shannah,Pitrasso,spitrasso17@vimeo.com,spitrasso17,2cPByd11H0V,Brazil
45,Madelina,Siverns,msiverns18@blog.com,msiverns18,Y5q5FY,Indonesia
46,Elenore,Gogay,egogay19@comsenz.com,egogay19,ucNc9jP6,Australia
47,Johnette,Gant,jgant1a@cisco.com,jgant1a,4aM29lHU6k,United States
48,Angy,Whartonby,awhartonby1b@geocities.com,awhartonby1b,0CoSdWRtxOC,Barbados
49,Alf,Geockle,ageockle1c@mediafire.com,ageockle1c,OtzgmbUBDORA,United States
50,Lusa,Rosle,lrosle1d@mit.edu,lrosle1d,IVpvQpDT8MV,Indonesia
51,Douglas,Kinde,dkinde1e@yellowpages.com,dkinde1e,Zwv8phCnm,Sweden
52,Fred,Chevers,fchevers1f@hugedomains.com,fchevers1f,mRUo5Vmi,United States
53,Zorah,Fallowfield,zfallowfield1g@jigsy.com,zfallowfield1g,iij28Uh,Czech Republic
54,Veriee,Kidston,vkidston1h@google.fr,vkidston1h,omIWOgZw586h,Paraguay
55,Ingrid,Imlaw,iimlaw1i@rambler.ru,iimlaw1i,uP77SNZe,United States
56,Katrina,Avrahamoff,kavrahamoff1j@bizjournals.com,kavrahamoff1j,27hJRTRBR,China
57,Ingelbert,Matijasevic,imatijasevic1k@nih.gov,imatijasevic1k,naSYRWLJ,Peru
58,Josefina,Cabane,jcabane1l@unc.edu,jcabane1l,uL8wdL2ptly4,Bulgaria
59,Terry,Charpin,tcharpin1m@privacy.gov.au,tcharpin1m,tr2eTKQi,Indonesia
60,Allyn,Tisor,atisor1n@dell.com,atisor1n,GGdC350,Brazil
61,Javier,Duckham,jduckham1o@wikimedia.org,jduckham1o,59hxxko,Guatemala
62,Dael,Florey,dflorey1p@tinypic.com,dflorey1p,PrTkstIpReu,Poland
63,Nollie,Molines,nmolines1q@usda.gov,nmolines1q,x45CJYOGOi,Syria
64,Steffie,Dorrington,sdorrington1r@seattletimes.com,sdorrington1r,jQikoEArJ,Ukraine
65,Leone,McCoole,lmccoole1s@example.com,lmccoole1s,pJJDRxIlJ,United States
66,Belia,Segrave,bsegrave1t@imdb.com,bsegrave1t,sWgzHxHcK33L,Albania
67,Sophronia,Spurritt,sspurritt1u@mit.edu,sspurritt1u,p0NC4m9czXZ,Brazil
68,Hewitt,Tanswell,htanswell1v@pcworld.com,htanswell1v,OtClnuui,Portugal
69,Boycie,Ilyushkin,bilyushkin1w@rediff.com,bilyushkin1w,NXHyDymouIMG,China
70,Dorris,Vanderson,dvanderson1x@miibeian.gov.cn,dvanderson1x,NoYoEP,Peru
71,Gasper,Kellegher,gkellegher1y@yahoo.com,gkellegher1y,rIOzKtlEi,Indonesia
72,Bradley,Aldham,baldham1z@com.com,baldham1z,o9wPLf,Brazil
73,Meagan,McNickle,mmcnickle20@slashdot.org,mmcnickle20,tbGA9fIOZ,Portugal
74,Gabe,Bend,gbend21@360.cn,gbend21,SCI9WCjZ,Mongolia
75,Bret,Mityukov,bmityukov22@360.cn,bmityukov22,FOHSge77,France
76,Berry,Beenham,bbeenham23@wikimedia.org,bbeenham23,MJc5ND5,Portugal
77,Perle,Hegley,phegley24@umich.edu,phegley24,nTNYv9I3,Sweden
78,Karly,Sprigging,ksprigging25@parallels.com,ksprigging25,ogUNG8w08cu,China
79,Camile,Curme,ccurme26@canalblog.com,ccurme26,NQU1B0a,Russia
80,Domeniga,Spilsted,dspilsted27@whitehouse.gov,dspilsted27,uyqe6fPbW,Argentina
81,Farra,Ransfield,fransfield28@360.cn,fransfield28,leJLevcj,Indonesia
82,Lilly,Dollin,ldollin29@thetimes.co.uk,ldollin29,o2I8SpM,Croatia
83,Cindie,Lowdeane,clowdeane2a@who.int,clowdeane2a,oovQyMiEoN,Iran
84,Dorelia,Soane,dsoane2b@elegantthemes.com,dsoane2b,Z1QPlq,Tajikistan
85,Dawn,Ipsgrave,dipsgrave2c@berkeley.edu,dipsgrave2c,iMvLio,China
86,Paulo,Drynan,pdrynan2d@fema.gov,pdrynan2d,QMwnm4B955i,Thailand
87,Matty,Mosen,mmosen2e@goodreads.com,mmosen2e,DI6ecLw6x1e,Bulgaria
88,Gare,Ghidoni,gghidoni2f@elpais.com,gghidoni2f,iQlNHl5,Indonesia
89,Sheela,Lempke,slempke2g@oakley.com,slempke2g,SUPA0C,Zimbabwe
90,Curry,Handlin,chandlin2h@unicef.org,chandlin2h,noeFYsV,China
91,Durante,Linder,dlinder2i@vinaora.com,dlinder2i,VkMa6NqR,China
92,Franky,Dunbobbin,fdunbobbin2j@alexa.com,fdunbobbin2j,l2e6tcdP,Japan
93,Ethe,Bellerby,ebellerby2k@reuters.com,ebellerby2k,J4V49HumdMG7,Iran
94,Kari,Dominik,kdominik2l@sakura.ne.jp,kdominik2l,smXoUo8,China
95,Fair,Klulicek,fklulicek2m@tumblr.com,fklulicek2m,W1UHzSBcm7,Portugal
96,Kasper,Tschierse,ktschierse2n@cpanel.net,ktschierse2n,3iAwwBldcb0g,Brazil
97,Anya,Bulcock,abulcock2o@i2i.jp,abulcock2o,ShJhQYhG9v1,Brazil
98,Norine,Beauchamp,nbeauchamp2p@merriam-webster.com,nbeauchamp2p,FsrkRVHvq,Greece
99,Karlis,Klemenz,kklemenz2q@instagram.com,kklemenz2q,BbYAE1noz,Argentina
100,Audrye,Wadeson,awadeson2r@arizona.edu,awadeson2r,Xi2C4vcGA,Russia
101,Letty,Haeslier,lhaeslier2s@wordpress.com,lhaeslier2s,Hq7pfXuPFiv,Poland
102,Tiff,Fluck,tfluck2t@google.com.au,tfluck2t,QmhDUff,Russia
103,Robinet,Benstead,rbenstead2u@bizjournals.com,rbenstead2u,NLQIe57Kb7FT,Ukraine
104,Denny,Hursey,dhursey2v@people.com.cn,dhursey2v,35z5DXTAG,China
105,Harri,MacKeeg,hmackeeg2w@unblog.fr,hmackeeg2w,qyvQEe,Greece
106,Lanna,Cornford,lcornford2x@wiley.com,lcornford2x,VgVkbv2Dg,Ivory Coast
107,Lian,Houlahan,lhoulahan2y@slashdot.org,lhoulahan2y,0uBECJ34UTgf,China
108,Britte,Edridge,bedridge2z@marriott.com,bedridge2z,DJ00F5k,Thailand
109,Hillary,Thatcham,hthatcham30@yale.edu,hthatcham30,QK5ODK,Kenya
110,Shepherd,Solway,ssolway31@dailymail.co.uk,ssolway31,DdpKyOq,Indonesia
111,Clemmie,Verrick,cverrick32@pbs.org,cverrick32,7HocEKXubr,Japan
112,Vin,Januszkiewicz,vjanuszkiewicz33@goodreads.com,vjanuszkiewicz33,9Teyop,Argentina
113,Cullie,Grunnell,cgrunnell34@ucla.edu,cgrunnell34,xGY0C90o9q,Philippines
114,Casar,Halladey,challadey35@stanford.edu,challadey35,Hv2FXIOXuAot,Portugal
115,Karie,Rutty,krutty36@virginia.edu,krutty36,7ngyGRuEmft,China
116,Catrina,Daout,cdaout37@rakuten.co.jp,cdaout37,OT64cIF,Denmark
117,Augusto,Pregal,apregal38@globo.com,apregal38,Vz4KsWONPzTy,Sweden
118,Pepi,Nials,pnials39@blogtalkradio.com,pnials39,0hCC5FyhLvPl,Russia
119,Erik,Withull,ewithull3a@baidu.com,ewithull3a,Osft29u6,Nigeria
120,Clerissa,Cuckoo,ccuckoo3b@amazonaws.com,ccuckoo3b,4WIJdoK5xF,Sweden
121,Jessalyn,Henri,jhenri3c@marketwatch.com,jhenri3c,60CfRSiagnoM,Germany
122,Kane,Whimper,kwhimper3d@mapquest.com,kwhimper3d,BbZTnQy7up,Ivory Coast
123,Stafani,Lowde,slowde3e@newsvine.com,slowde3e,HyR6t0bbzBEv,Czech Republic
124,Lilli,Sarginson,lsarginson3f@exblog.jp,lsarginson3f,BMSwMtAq1,China
125,Freemon,Brookfield,fbrookfield3g@state.tx.us,fbrookfield3g,a5dq2cqw,China
126,Jo,Shingler,jshingler3h@marketwatch.com,jshingler3h,7ZjGap3gjRhA,Indonesia
127,Wally,Gaven,wgaven3i@cpanel.net,wgaven3i,Z9vxUywVlN,China
128,Neda,Dyet,ndyet3j@businessinsider.com,ndyet3j,cgaPEskHX,China
129,Willie,Simonetti,wsimonetti3k@princeton.edu,wsimonetti3k,VTPr5oB2,Nepal
130,Uta,Beaglehole,ubeaglehole3l@yahoo.com,ubeaglehole3l,nDdhWP1n,Mexico
131,Temp,Oxford,toxford3m@shareasale.com,toxford3m,IGh8MlLjL,Indonesia
132,Cad,Glewe,cglewe3n@tmall.com,cglewe3n,3S2gfmF,Paraguay
133,Audra,Boatright,aboatright3o@ibm.com,aboatright3o,uJqDc0f,Thailand
134,Anissa,Greenrod,agreenrod3p@xing.com,agreenrod3p,BIDoC1lc2,Switzerland
135,Lethia,Meineck,lmeineck3q@indiegogo.com,lmeineck3q,9DeB5dD,China
136,Juanita,Farnsworth,jfarnsworth3r@princeton.edu,jfarnsworth3r,qvvnM3YoTeX,Portugal
137,Abba,Tattersdill,atattersdill3s@stumbleupon.com,atattersdill3s,UsGwVyG0NY,Israel
138,Karisa,Praten,kpraten3t@facebook.com,kpraten3t,SwinUUF,Greece
139,Kaitlynn,Jados,kjados3u@liveinternet.ru,kjados3u,PNUlnR8,Portugal
140,Ofilia,Mallison,omallison3v@webs.com,omallison3v,FkGVJbSEz,China
141,Whitaker,Lamcken,wlamcken3w@goo.ne.jp,wlamcken3w,P8CDLCX0v3af,Brazil
142,Libbie,Chasney,lchasney3x@bandcamp.com,lchasney3x,M4kHLw8,Poland
143,Onida,Doul,odoul3y@zimbio.com,odoul3y,h7q0C27U,Colombia
144,Hoyt,Dissman,hdissman3z@mac.com,hdissman3z,nz5UbD,Czech Republic
145,Andre,Rusbridge,arusbridge40@wikimedia.org,arusbridge40,JP1rRycjLdT,China
146,Lauree,MacAiline,lmacailine41@biglobe.ne.jp,lmacailine41,vM2pfbvq41T,Poland
147,Sherlock,Robert,srobert42@yandex.ru,srobert42,rFXrfNDsA,Russia
148,Herculie,Maddaford,hmaddaford43@si.edu,hmaddaford43,GxsO7Ri,Mexico
149,Hollis,Bentke,hbentke44@alibaba.com,hbentke44,NekKb1EQeA,Indonesia
150,Milena,Woodwing,mwoodwing45@yolasite.com,mwoodwing45,o339leBS,Philippines
151,Janelle,Densey,jdensey46@wikipedia.org,jdensey46,pIXSEiuY,Sweden
152,Iago,Kybert,ikybert47@tripadvisor.com,ikybert47,EPUMi2mdPEh,China
153,Pacorro,Phettis,pphettis48@go.com,pphettis48,eScNSbkUpnaL,Colombia
154,Linea,Collabine,lcollabine49@flickr.com,lcollabine49,8Vo1hRG0R0ZJ,Colombia
155,Fernanda,Klaaassen,fklaaassen4a@hao123.com,fklaaassen4a,QemfbFh3p,United States
156,Fina,Santon,fsanton4b@businessinsider.com,fsanton4b,qvO8JNBAKJk,Argentina
157,Tye,Rudd,trudd4c@twitter.com,trudd4c,4CEBfk,China
158,Jorey,Billett,jbillett4d@hubpages.com,jbillett4d,NcRPwLAzx,Croatia
159,Ulrica,Orgen,uorgen4e@tmall.com,uorgen4e,K9c3Y4p,Philippines
160,Ferrel,Lobell,flobell4f@etsy.com,flobell4f,oa1WrEAdA,Indonesia
161,Biron,Hinstridge,bhinstridge4g@google.ca,bhinstridge4g,0EVX3mtV10wU,Saudi Arabia
162,Golda,Fairbeard,gfairbeard4h@bbc.co.uk,gfairbeard4h,pbP39NJpT,China
163,Lynelle,Crilly,lcrilly4i@about.com,lcrilly4i,c7dNNN0YphK,China
164,Morgen,Ben,mben4j@purevolume.com,mben4j,Yln4KmHYrO,Cuba
165,Pennie,Bollen,pbollen4k@amazonaws.com,pbollen4k,NWll3rPQ,Brazil
166,Maddi,Castelluzzi,mcastelluzzi4l@cbc.ca,mcastelluzzi4l,ViIfCa1LPM,Burkina Faso
167,Joelle,Bloxsome,jbloxsome4m@cyberchimps.com,jbloxsome4m,ULIMAyaRy,China
168,Davina,Cornu,dcornu4n@yahoo.co.jp,dcornu4n,ujB5CNMUVLIt,China
169,Devin,Dunlap,ddunlap4o@ehow.com,ddunlap4o,wjCeIJvs,Ukraine
170,Didi,Halpin,dhalpin4p@about.com,dhalpin4p,A6Gy6UMI,Afghanistan
171,Gale,Pickles,gpickles4q@t-online.de,gpickles4q,GyzW6MGR1k,Poland
172,Kellen,Dennerley,kdennerley4r@jiathis.com,kdennerley4r,nvxdZVBRY,Russia
173,Kelcie,Daines,kdaines4s@51.la,kdaines4s,V8hSC5iQi3Y,Colombia
174,Etan,Crutcher,ecrutcher4t@oakley.com,ecrutcher4t,Xcf2cf,Tokelau
175,Brear,Sothern,bsothern4u@altervista.org,bsothern4u,OdQHgFkZ,Poland
176,Gaylene,Colkett,gcolkett4v@businessinsider.com,gcolkett4v,lI3e5YEG,Russia
177,Tris,Devorill,tdevorill4w@time.com,tdevorill4w,VbNVF8S2SL,Philippines
178,Keene,Hatje,khatje4x@reuters.com,khatje4x,Euodiy,Malaysia
179,Paulette,Cammish,pcammish4y@artisteer.com,pcammish4y,pLkjgzwBc0w,Trinidad and Tobago
180,Ted,Bick,tbick4z@dmoz.org,tbick4z,mJn9dEgYNIuD,Indonesia
181,Nevile,Seide,nseide50@pen.io,nseide50,rmBdjvx6,France
182,Ursala,Engelbrecht,uengelbrecht51@sina.com.cn,uengelbrecht51,NSJrPwpX5kkG,Reunion
183,Merrill,Beardwood,mbeardwood52@pagesperso-orange.fr,mbeardwood52,OnIh1qFjwp,Croatia
184,Teriann,Proffitt,tproffitt53@skyrock.com,tproffitt53,fErPU8wZC,Angola
185,Pia,Iacobacci,piacobacci54@globo.com,piacobacci54,7NStdXU,Uganda
186,Simone,Aizlewood,saizlewood55@census.gov,saizlewood55,8gD1EUI,Niger
187,Mildred,Rollingson,mrollingson56@ameblo.jp,mrollingson56,JWtmXC,Ukraine
188,Sheila,Archibould,sarchibould57@ustream.tv,sarchibould57,2S4RIED6yQK,Poland
189,Emmalyn,Webley,ewebley58@xinhuanet.com,ewebley58,Ko7vQp8ZVll,China
190,Pris,Aizkovitch,paizkovitch59@slideshare.net,paizkovitch59,HlppjP4kVs,Somalia
191,Ailis,Pretti,apretti5a@furl.net,apretti5a,ACo8pHcG,Poland
192,Danice,Pollastro,dpollastro5b@quantcast.com,dpollastro5b,pD7WZFTel,Ukraine
193,Susannah,Bengtson,sbengtson5c@skyrock.com,sbengtson5c,ObgVT5ER6dh,Australia
194,Haskel,Haggus,hhaggus5d@myspace.com,hhaggus5d,pMYDXS6,France
195,Tiffanie,Rainer,trainer5e@ftc.gov,trainer5e,ZGkagY,United States
196,Elysia,Brenton,ebrenton5f@themeforest.net,ebrenton5f,BtibSFF50661,Russia
197,Kelsey,Barrett,kbarrett5g@cnet.com,kbarrett5g,c1e9qegI7L,Czech Republic
198,Bruno,Rowlett,browlett5h@paypal.com,browlett5h,5dZwhbuTjc,Indonesia
199,Edwin,Waggatt,ewaggatt5i@free.fr,ewaggatt5i,ar7LCDt9,China
200,Hubie,Kitto,hkitto5j@mapquest.com,hkitto5j,ZWEjv19SEZ,Ukraine
201,Norrie,Bendig,nbendig5k@csmonitor.com,nbendig5k,nkJgKdQ,Ireland
202,Erin,Sheeres,esheeres5l@indiatimes.com,esheeres5l,gSL1zoy5vAdJ,Canada
203,Katina,Longman,klongman5m@weather.com,klongman5m,1tV0VHpHeUk,Ukraine
204,Neda,Blagbrough,nblagbrough5n@facebook.com,nblagbrough5n,CiEaIg,China
205,Amye,Manning,amanning5o@si.edu,amanning5o,dVJEp4,Sweden
206,Lance,Fear,lfear5p@hatena.ne.jp,lfear5p,ererzXdNi,China
207,Konrad,Ervine,kervine5q@webeden.co.uk,kervine5q,ad8UiNj873,Croatia
208,Brew,Rapinett,brapinett5r@rambler.ru,brapinett5r,LSLk1i222cn,United States
209,Quinn,Portwain,qportwain5s@archive.org,qportwain5s,UWLngodDJ,Sweden
210,Francois,Durrant,fdurrant5t@netlog.com,fdurrant5t,kGFrnglQTjA,Indonesia
211,Mona,MacKomb,mmackomb5u@vkontakte.ru,mmackomb5u,5kexXPRp,Czech Republic
212,Fransisco,Jarmyn,fjarmyn5v@mac.com,fjarmyn5v,05Yjkf5b,Brazil
213,Nil,Hasley,nhasley5w@blinklist.com,nhasley5w,X6uxE94S,Russia
214,Jeremiah,Gery,jgery5x@unesco.org,jgery5x,jEpEd8U85,Ukraine
215,Tessie,Sesons,tsesons5y@apple.com,tsesons5y,MjLJIYr5tx,China
216,Barbaraanne,Burniston,bburniston5z@networksolutions.com,bburniston5z,kgOAbsYsX,Brazil
217,Lynnett,Squibbes,lsquibbes60@e-recht24.de,lsquibbes60,pzPoEwiFsNl,Indonesia
218,Elfrida,Borge,eborge61@flickr.com,eborge61,5Hdx3x3Pw,Honduras
219,Carmelina,Kloster,ckloster62@163.com,ckloster62,TfmsgDZR,China
220,Chrisy,Butt,cbutt63@dyndns.org,cbutt63,OX3FlrY22v,Russia
221,Axe,Mongin,amongin64@163.com,amongin64,tz3KgU0n5I,Mozambique
222,Felita,Blezard,fblezard65@hibu.com,fblezard65,v8NA0vBvlvLg,France
223,Averyl,Jandel,ajandel66@craigslist.org,ajandel66,wBomr6d,China
224,Brion,Simmell,bsimmell67@miitbeian.gov.cn,bsimmell67,YufyZx,France
225,Benjamin,Lillegard,blillegard68@t.co,blillegard68,a76cEAxF,Indonesia
226,Georgina,Burton,gburton69@loc.gov,gburton69,CYe6Ka,China
227,Vernor,Benda,vbenda6a@hexun.com,vbenda6a,pxDTwHC,Brazil
228,Isabelita,Shatliffe,ishatliffe6b@nih.gov,ishatliffe6b,6pu0l2xUn,China
229,Nels,Lelliott,nlelliott6c@icio.us,nlelliott6c,c4PcoW68S43,China
230,Sheba,Amps,samps6d@gnu.org,samps6d,SrscZHpBI,Croatia
231,Roxine,Van Zon,rvanzon6e@skype.com,rvanzon6e,fZrHRaAwh,Libya
232,Chrystal,Mc Ilwrick,cmcilwrick6f@sfgate.com,cmcilwrick6f,sEgb8uDHTO,Czech Republic
233,Cordey,Bratcher,cbratcher6g@vkontakte.ru,cbratcher6g,Q5oY1e3R,China
234,Irwinn,Goodlad,igoodlad6h@pbs.org,igoodlad6h,aItOIy9,France
235,Christie,Kingett,ckingett6i@qq.com,ckingett6i,hLWUUBUI4KIv,Uganda
236,Cello,Crass,ccrass6j@mysql.com,ccrass6j,7xabyW6ol,China
237,Cly,Scandwright,cscandwright6k@nyu.edu,cscandwright6k,qryi9us,China
238,Colene,Exrol,cexrol6l@alexa.com,cexrol6l,j6MV15lH,Netherlands
239,Karlik,Portman,kportman6m@ycombinator.com,kportman6m,iDS2D2HGxx,Equatorial Guinea
240,Ole,Vogel,ovogel6n@ovh.net,ovogel6n,ei4iyI5Tbd,Indonesia
241,Euphemia,Catherine,ecatherine6o@msu.edu,ecatherine6o,xLjKmxRY1,Belarus
242,Mycah,Arpino,marpino6p@house.gov,marpino6p,jHtIaww,Sweden
243,Georgine,Standrin,gstandrin6q@prweb.com,gstandrin6q,cz3xybb,China
244,Hatti,todor,htodor6r@deviantart.com,htodor6r,D0sAdaVag82,Angola
245,Aveline,Beeck,abeeck6s@oaic.gov.au,abeeck6s,UguRHEk,Russia
246,Frieda,Fransman,ffransman6t@nationalgeographic.com,ffransman6t,woxvdwh1lZ,Finland
247,Hector,Trodler,htrodler6u@topsy.com,htrodler6u,VdF4jHjZtL,Thailand
248,Opalina,Marchington,omarchington6v@skyrock.com,omarchington6v,bwMT0sIm,Indonesia
249,Anny,Broke,abroke6w@soup.io,abroke6w,Yl5mVS,Pakistan
250,Pepe,Webley,pwebley6x@buzzfeed.com,pwebley6x,Slx4c0LZD,Russia
251,Silvano,Litterick,slitterick6y@alexa.com,slitterick6y,gtPo43ER0As,Philippines
252,Albertina,Meconi,ameconi6z@cdbaby.com,ameconi6z,hzpo0w,China
253,Ervin,Loadwick,eloadwick70@hostgator.com,eloadwick70,2B3OteD,Philippines
254,Gaynor,Ramas,gramas71@vk.com,gramas71,Zi1P321imJ,Japan
255,Ludvig,Schneidau,lschneidau72@epa.gov,lschneidau72,dvJWBlkdyv,Russia
256,Vincents,Tremblett,vtremblett73@flickr.com,vtremblett73,DicDR0H,Poland
257,Merle,Schwieso,mschwieso74@apple.com,mschwieso74,jS8ibqC,Iran
258,Leonore,Laphorn,llaphorn75@zimbio.com,llaphorn75,YnxYf8O,Ethiopia
259,Marleen,Treuge,mtreuge76@merriam-webster.com,mtreuge76,ccI00muHKzB,South Korea
260,Viviene,Davoren,vdavoren77@i2i.jp,vdavoren77,Gh5pJyqld1E,Armenia
261,Nelia,Tocher,ntocher78@europa.eu,ntocher78,jnlDBDoQKAK,China
262,Dmitri,Hurren,dhurren79@over-blog.com,dhurren79,Ux2jhRD,Indonesia
263,Winfield,Bamlet,wbamlet7a@t-online.de,wbamlet7a,7DKITui,Philippines
264,Ennis,Leavens,eleavens7b@pinterest.com,eleavens7b,ubZjPKFnUD1p,Mexico
265,Martie,Carbery,mcarbery7c@ucsd.edu,mcarbery7c,KBQBNar7,Czech Republic
266,Ulises,Gaskall,ugaskall7d@about.com,ugaskall7d,emUoBw,United States
267,Dot,Gulliman,dgulliman7e@theatlantic.com,dgulliman7e,45qjX4h6,Brazil
268,Nanon,Conway,nconway7f@intel.com,nconway7f,EPgQC0AZjG6,Japan
269,Waite,Lufkin,wlufkin7g@soup.io,wlufkin7g,dOzD13,Russia
270,Cecile,Danick,cdanick7h@sohu.com,cdanick7h,xbuEJmuSdbd7,Indonesia
271,Joyous,Sneesbie,jsneesbie7i@sphinn.com,jsneesbie7i,UswoIfb,Afghanistan
272,Stephie,Cutmere,scutmere7j@gizmodo.com,scutmere7j,GLhdOWiobOH,China
273,Esteban,Barthrop,ebarthrop7k@scribd.com,ebarthrop7k,ZhyXVu2s,China
274,Moina,Kettell,mkettell7l@issuu.com,mkettell7l,FlIaFNi5,China
275,Kara,Snape,ksnape7m@simplemachines.org,ksnape7m,b2pavwhxIU,Philippines
276,Chris,Cutajar,ccutajar7n@mit.edu,ccutajar7n,OevntW,Peru
277,Cazzie,McKevitt,cmckevitt7o@cornell.edu,cmckevitt7o,0WlzdHk,Brazil
278,Lovell,Varvara,lvarvara7p@nymag.com,lvarvara7p,6GEgj46KA8p,Russia
279,Analise,Asplen,aasplen7q@trellian.com,aasplen7q,pvqzR1,China
280,Mariele,Dracey,mdracey7r@google.cn,mdracey7r,a08RJYxQ,Peru
281,Dwight,Canfer,dcanfer7s@unblog.fr,dcanfer7s,kxXvKEJY4,China
282,Breena,Ronchetti,bronchetti7t@bing.com,bronchetti7t,lgKMQ1f,Guatemala
283,Dalton,Tatershall,dtatershall7u@diigo.com,dtatershall7u,klJBPuN,Argentina
284,Andy,Balog,abalog7v@ning.com,abalog7v,WXIQzJ9jM,Poland
285,Christel,Alcalde,calcalde7w@indiegogo.com,calcalde7w,Lu0aLR4w,Philippines
286,Tabbitha,Rollins,trollins7x@istockphoto.com,trollins7x,mwUbZf5ZWeH,Sweden
287,Randie,Kinder,rkinder7y@bbc.co.uk,rkinder7y,yzBu6u7nJahk,Croatia
288,Winifield,Wesson,wwesson7z@usatoday.com,wwesson7z,cKMsnoY3,Poland
289,Tybie,O' Shea,toshea80@baidu.com,toshea80,YHHT1BYFgs,China
290,Katerina,Quinnelly,kquinnelly81@miibeian.gov.cn,kquinnelly81,KLCYyy,Philippines
291,Thibaut,Rosborough,trosborough82@delicious.com,trosborough82,Cor2o2m,Philippines
292,Dorian,Stening,dstening83@odnoklassniki.ru,dstening83,EzPSF4Ai0Er,Indonesia
293,Esra,Lahy,elahy84@examiner.com,elahy84,ocYxDQTJR,Argentina
294,Jory,Worling,jworling85@phoca.cz,jworling85,uVbMDEg2iJ,Nicaragua
295,Jennette,Sidwell,jsidwell86@ucsd.edu,jsidwell86,uPJ6IQv7,France
296,Barbi,Banane,bbanane87@behance.net,bbanane87,HFzo1F8u5,Iran
297,Courtney,Yewdale,cyewdale88@lulu.com,cyewdale88,T3RGSXUvH,Brazil
298,Curr,Dalgetty,cdalgetty89@mozilla.com,cdalgetty89,UFq5pS7C0,Czech Republic
299,Gabriello,Minocchi,gminocchi8a@slideshare.net,gminocchi8a,g1l8OhN,Peru
300,Renae,Hendrich,rhendrich8b@gravatar.com,rhendrich8b,uCiN7o9QIe,China
301,Alameda,Bonner,abonner8c@nba.com,abonner8c,S1fkf1E,Turkmenistan
302,Richard,Vegas,rvegas8d@marketwatch.com,rvegas8d,bFZc6yXXH,Russia
303,Hayden,Haddleton,hhaddleton8e@hao123.com,hhaddleton8e,6tgFUe,Russia
304,Ginnie,Sayes,gsayes8f@va.gov,gsayes8f,X0NjOJhm,China
305,Donnajean,Skuce,dskuce8g@cbslocal.com,dskuce8g,QW0qqL,Paraguay
306,Corilla,Rignold,crignold8h@hubpages.com,crignold8h,BaYGaQ,Honduras
307,Rosabel,Skaife d'Ingerthorpe,rskaifedingerthorpe8i@huffingtonpost.com,rskaifedingerthorpe8i,eDNbo0CH,Vietnam
308,Zoe,Rendell,zrendell8j@imgur.com,zrendell8j,srqh2orHcA,Thailand
309,Wanda,Rennie,wrennie8k@aboutads.info,wrennie8k,LnvC3Di2Z,Brazil
310,Olympia,Coales,ocoales8l@jimdo.com,ocoales8l,kAq1sUjM,Indonesia
311,Phil,Brakespear,pbrakespear8m@marketwatch.com,pbrakespear8m,rxLVVb,China
312,Nelia,Kenningley,nkenningley8n@google.es,nkenningley8n,Soh9NhITn8,China
313,Morganica,Courteney,mcourteney8o@auda.org.au,mcourteney8o,i515pbC,Japan
314,Orlan,Flatt,oflatt8p@theatlantic.com,oflatt8p,6e0sZTGcEf,Peru
315,Michal,Mityakov,mmityakov8q@over-blog.com,mmityakov8q,Kp1xJqz,Mauritius
316,Florance,Posner,fposner8r@yelp.com,fposner8r,RwV2MJf7FqEu,Gambia
317,Levey,McGiffie,lmcgiffie8s@friendfeed.com,lmcgiffie8s,wxegveZD9IP,Ukraine
318,Elise,O'Sherin,eosherin8t@skype.com,eosherin8t,8vp1SRYC5,Indonesia
319,Zak,Eathorne,zeathorne8u@bandcamp.com,zeathorne8u,wQOoXpnmOW,Latvia
320,Annabell,Pasley,apasley8v@nba.com,apasley8v,XUYE7kOZTCYJ,Russia
321,Cornelius,Wrinch,cwrinch8w@de.vu,cwrinch8w,SxOlDL,China
322,Juditha,Hancke,jhancke8x@sphinn.com,jhancke8x,rbStYysitG,China
323,Cristina,Blowne,cblowne8y@mac.com,cblowne8y,lqaqzEgOEqb,Philippines
324,Cristina,Embury,cembury8z@cbslocal.com,cembury8z,9QRqdq8vMb,Brazil
325,Gordon,Maggs,gmaggs90@w3.org,gmaggs90,4ALTKKPq,Kyrgyzstan
326,Dietrich,Bransby,dbransby91@nsw.gov.au,dbransby91,pxTOGIj,Hungary
327,Abba,Rasher,arasher92@boston.com,arasher92,NbUlNPqFEkk,Indonesia
328,Andie,Renfrew,arenfrew93@blogtalkradio.com,arenfrew93,MswSHsA,Czech Republic
329,Julian,Rawe,jrawe94@fema.gov,jrawe94,S3IP1X,Indonesia
330,Shandee,Sodeau,ssodeau95@arstechnica.com,ssodeau95,fvpWOjaXRox,South Korea
331,Rossy,Shearsby,rshearsby96@stumbleupon.com,rshearsby96,GIz86p,Indonesia
332,Eolanda,Peckett,epeckett97@prweb.com,epeckett97,frahCfLAI80,Eritrea
333,Willdon,Lathee,wlathee98@dedecms.com,wlathee98,tGGoSxylbMHO,Japan
334,Bendix,Aronoff,baronoff99@bloglovin.com,baronoff99,c1SMqzo,Germany
335,Esma,Mitchelmore,emitchelmore9a@webs.com,emitchelmore9a,oFhLlceGr3,China
336,Loise,Sambath,lsambath9b@cbslocal.com,lsambath9b,Rc2w097qT7m,China
337,Mercy,Gerding,mgerding9c@ebay.co.uk,mgerding9c,99w3OCRkAua,France
338,Myrna,Vedenisov,mvedenisov9d@google.com.au,mvedenisov9d,uw71s4AHEwqf,China
339,Lydia,Antonucci,lantonucci9e@intel.com,lantonucci9e,IKsiStM5r,Croatia
340,Gasper,Fortoun,gfortoun9f@behance.net,gfortoun9f,wIgCJeYrDaqe,American Samoa
341,Fraze,Colisbe,fcolisbe9g@ft.com,fcolisbe9g,KztUOXumH,Indonesia
342,Camala,Lowden,clowden9h@exblog.jp,clowden9h,jMbdg2mQLPfo,Croatia
343,Seline,Gouldsmith,sgouldsmith9i@taobao.com,sgouldsmith9i,l55wsGlVD3gH,Russia
344,Henrik,Kundert,hkundert9j@arstechnica.com,hkundert9j,XmRi0ITJ,France
345,Corinna,Meachen,cmeachen9k@census.gov,cmeachen9k,uJ0eZK0gl,Mexico
346,Nahum,Payton,npayton9l@skyrock.com,npayton9l,skOLu0wNn,Iran
347,Gerry,Matovic,gmatovic9m@cafepress.com,gmatovic9m,8ihLheicEfJi,China
348,Crosby,Gitsham,cgitsham9n@list-manage.com,cgitsham9n,6MmgqO,Indonesia
349,Arron,Pinckney,apinckney9o@pcworld.com,apinckney9o,RxLbNm7p7,Serbia
350,Wilbur,Ortler,wortler9p@bing.com,wortler9p,TeCIhh4cng7,Brazil
351,Aubrette,Pashan,apashan9q@360.cn,apashan9q,mvLEZarya3N3,China
352,Cherise,Eidler,ceidler9r@google.co.jp,ceidler9r,S3cNRU,Brazil
353,Storm,Ferrara,sferrara9s@howstuffworks.com,sferrara9s,h2WPKvoR2pK,Latvia
354,Inge,Guillart,iguillart9t@multiply.com,iguillart9t,dfS6sxU,Indonesia
355,Violetta,Presslee,vpresslee9u@hao123.com,vpresslee9u,p2Q8Gh,Russia
356,Reuben,Polleye,rpolleye9v@rambler.ru,rpolleye9v,8HQBWdd,China
357,Carly,Moorhead,cmoorhead9w@elegantthemes.com,cmoorhead9w,38E0sr7H,China
358,Vivie,Brasher,vbrasher9x@alexa.com,vbrasher9x,kximQJHiyJef,Sweden
359,Tailor,Samweyes,tsamweyes9y@engadget.com,tsamweyes9y,C6ubTGJSX0Q,Mongolia
360,Tildy,Mattityahou,tmattityahou9z@wordpress.org,tmattityahou9z,wOcrxRd6T,Portugal
361,Twyla,Emeline,temelinea0@freewebs.com,temelinea0,dHVnZSK7L,Russia
362,Jeffie,Murfett,jmurfetta1@elegantthemes.com,jmurfetta1,FNJ7tBfiZB45,Syria
363,Dugald,Broadis,dbroadisa2@google.com.au,dbroadisa2,pxsgQHmKUev,Greece
364,Debor,Salaman,dsalamana3@1und1.de,dsalamana3,Lfgzao,Philippines
365,Torin,Dennerley,tdennerleya4@i2i.jp,tdennerleya4,UbhMyYhlC,Libya
366,Celina,Brunstan,cbrunstana5@netlog.com,cbrunstana5,dkaG3k7l,China
367,Shawn,Graddell,sgraddella6@blogs.com,sgraddella6,eQXpdZGkaA7V,Czech Republic
368,Jerry,Spooner,jspoonera7@statcounter.com,jspoonera7,GxdUjovdJTnu,Mongolia
369,Zacharie,Stanier,zstaniera8@google.nl,zstaniera8,oSyZcVTx,Portugal
370,Jolie,Arsnell,jarsnella9@csmonitor.com,jarsnella9,2sGxIN1,United States
371,Rickey,Dare,rdareaa@ucoz.com,rdareaa,YXnC8lV,Vietnam
372,Devin,Hargreaves,dhargreavesab@topsy.com,dhargreavesab,L3kLRrF,Brazil
373,Patin,Orro,porroac@networkadvertising.org,porroac,FMHT4J,Philippines
374,Hermine,Fellow,hfellowad@ucla.edu,hfellowad,i68wls4,Portugal
375,Bertie,Bromhead,bbromheadae@wp.com,bbromheadae,rqDGrf1Pxqmj,Indonesia
376,Gregor,Felkin,gfelkinaf@shareasale.com,gfelkinaf,sOrIAKrlDv,United States
377,Ailis,Fontenot,afontenotag@ihg.com,afontenotag,aM75fN2oQ7R,France
378,Eugenie,Rives,erivesah@amazon.de,erivesah,hYGZc5p4ZR,Portugal
379,Cathryn,Helder,chelderai@arstechnica.com,chelderai,NoyorKN,Gambia
380,Sigismund,Davidowich,sdavidowichaj@tiny.cc,sdavidowichaj,TB5h8iybz5Q,Chile
381,Ernestine,Threlfall,ethrelfallak@jimdo.com,ethrelfallak,3Q1ComjE,South Africa
382,Berta,Korba,bkorbaal@boston.com,bkorbaal,VFpjBsV,Russia
383,Broddy,Kauscher,bkauscheram@yandex.ru,bkauscheram,dVWifNed,Brazil
384,Marysa,Wickersley,mwickersleyan@mysql.com,mwickersleyan,7opFL71P5GQ,Russia
385,Lonnard,Reaney,lreaneyao@blogger.com,lreaneyao,Z5j8EhI,Guatemala
386,Theodosia,Dell'Abbate,tdellabbateap@reuters.com,tdellabbateap,8dqjbJ09F,Portugal
387,Jemima,Prujean,jprujeanaq@merriam-webster.com,jprujeanaq,5E9oCIN7bqi,Zimbabwe
388,Eddie,Gateley,egateleyar@people.com.cn,egateleyar,1ya54Mgk2t,China
389,Shelbi,Bert,sbertas@fema.gov,sbertas,vHLCQoHq,Peru
390,Allan,O'Corhane,aocorhaneat@biblegateway.com,aocorhaneat,FEpfYT,Portugal
391,Bellina,Pattington,bpattingtonau@artisteer.com,bpattingtonau,XkMAhZEUPOP,Indonesia
392,Alvinia,Balshen,abalshenav@fotki.com,abalshenav,wAKdrz,Philippines
393,Lucretia,Howselee,lhowseleeaw@ow.ly,lhowseleeaw,JU9VNpAf4m,China
394,Marion,Oppery,mopperyax@disqus.com,mopperyax,peMGSfXkeHN,Brazil
395,Billi,Cowton,bcowtonay@purevolume.com,bcowtonay,U7qjl2,United States
396,Annalise,Caldwell,acaldwellaz@wufoo.com,acaldwellaz,unRCbAgxC,Philippines
397,Myles,Fabler,mfablerb0@hp.com,mfablerb0,ZTAww5,Philippines
398,Quill,Trynor,qtrynorb1@noaa.gov,qtrynorb1,1LksbmI,Cyprus
399,Jaimie,Tremethack,jtremethackb2@dion.ne.jp,jtremethackb2,gMTZb1,Greece
400,Siusan,Woolaston,swoolastonb3@ameblo.jp,swoolastonb3,MVwUKQmv,Indonesia
401,Bird,Abelov,babelovb4@youtube.com,babelovb4,4Xofsu0tOxqh,Brazil
402,Lianne,Fitzhenry,lfitzhenryb5@devhub.com,lfitzhenryb5,A2t0Nt,Indonesia
403,Sandra,Scandroot,sscandrootb6@networkadvertising.org,sscandrootb6,yoXPcC6muV5,Indonesia
404,Gabbie,Ead,geadb7@time.com,geadb7,xMbiqlZlM5,China
405,Datha,Kyttor,dkyttorb8@purevolume.com,dkyttorb8,nH3rvQ,Dominican Republic
406,Karel,Cobb,kcobbb9@examiner.com,kcobbb9,gxk2JJK,Portugal
407,Alaster,Barneville,abarnevilleba@usgs.gov,abarnevilleba,EfwA5FWXE9,Sri Lanka
408,Anni,Bambury,abamburybb@google.com.br,abamburybb,unNlZXrt,China
409,Jenifer,Figliovanni,jfigliovannibc@hugedomains.com,jfigliovannibc,FfMS94gi3I,Portugal
410,Dareen,MacKissack,dmackissackbd@hp.com,dmackissackbd,ooIWMPvOp63c,China
411,Keane,Stedson,kstedsonbe@angelfire.com,kstedsonbe,OfgOaI,Croatia
412,Jimmie,Bavester,jbavesterbf@biblegateway.com,jbavesterbf,WA4eph,Oman
413,Klaus,McKern,kmckernbg@cbslocal.com,kmckernbg,aSqrzLbz,China
414,Conrade,Burdon,cburdonbh@rambler.ru,cburdonbh,MUlL4v6Fr,Russia
415,Minna,Amaya,mamayabi@time.com,mamayabi,lwLUTHz5bhBo,China
416,Prissie,Manderson,pmandersonbj@ebay.co.uk,pmandersonbj,M01rJ4Tw,Portugal
417,Carlota,McDowall,cmcdowallbk@dmoz.org,cmcdowallbk,rghp8o0fl7,Honduras
418,Cyndie,Assante,cassantebl@illinois.edu,cassantebl,Ml00dpi0,Philippines
419,Kandace,Lowthian,klowthianbm@buzzfeed.com,klowthianbm,wdopZYZ4RP,United States
420,Obie,Orcas,oorcasbn@sakura.ne.jp,oorcasbn,LIyLbO7,China
421,Ezequiel,Welman,ewelmanbo@booking.com,ewelmanbo,H5hZ6sUv,China
422,Walden,Mottershead,wmottersheadbp@soundcloud.com,wmottersheadbp,xCW3nExCq,Indonesia
423,Enriqueta,Matousek,ematousekbq@flavors.me,ematousekbq,Iyd5Qh,China
424,Garwood,Rickeard,grickeardbr@mit.edu,grickeardbr,W7dsJ9,Philippines
425,Patton,Pontin,ppontinbs@sina.com.cn,ppontinbs,AY4V8y,China
426,Brooks,Gowanlock,bgowanlockbt@free.fr,bgowanlockbt,GCiEgpl,Pakistan
427,Magdaia,Colton,mcoltonbu@1und1.de,mcoltonbu,llSfovuMx,Philippines
428,Normie,Southerton,nsouthertonbv@eepurl.com,nsouthertonbv,7E9tGcPgw3G,Yemen
429,Emmott,Pear,epearbw@paypal.com,epearbw,JBcAbBBb,China
430,Ase,Roggero,aroggerobx@cornell.edu,aroggerobx,jbIRobH6f,Indonesia
431,Josy,Ameer-Beg,jameerbegby@columbia.edu,jameerbegby,DPttO0nrmCo,Malaysia
432,Vikky,Rany,vranybz@hud.gov,vranybz,DeBk4M97,Philippines
433,Chuck,Kenright,ckenrightc0@nasa.gov,ckenrightc0,MzDohi,Czech Republic
434,Danice,Cauley,dcauleyc1@ask.com,dcauleyc1,NSBGvkH3Uc,Poland
435,Lilyan,Coye,lcoyec2@upenn.edu,lcoyec2,XKEyGzK,Russia
436,Sutton,Hillburn,shillburnc3@miitbeian.gov.cn,shillburnc3,qkAgjUa6UF3t,Portugal
437,Zedekiah,Gilligan,zgilliganc4@bbc.co.uk,zgilliganc4,HiL1fl,Belarus
438,Tate,Davidai,tdavidaic5@studiopress.com,tdavidaic5,YHfItPbAU,Indonesia
439,Gamaliel,Kaesmakers,gkaesmakersc6@irs.gov,gkaesmakersc6,KnTUs1pib,China
440,Denys,Crosetti,dcrosettic7@example.com,dcrosettic7,TE9zDeD2I2Z3,France
441,Reginauld,Bubear,rbubearc8@tuttocitta.it,rbubearc8,TRmGFx,Indonesia
442,Pieter,Frary,pfraryc9@flickr.com,pfraryc9,yQH4yM5xi1,Philippines
443,Earvin,Gilcrist,egilcristca@linkedin.com,egilcristca,sDV91RoE0,Indonesia
444,Corby,Crutchfield,ccrutchfieldcb@ucsd.edu,ccrutchfieldcb,GVYCi1FfPzN,Brazil
445,Danyette,Verdon,dverdoncc@shareasale.com,dverdoncc,YNaL0TEY,Iran
446,Hulda,Sloane,hsloanecd@yellowbook.com,hsloanecd,LrTO0yS5s,Thailand
447,Ad,Doerr,adoerrce@barnesandnoble.com,adoerrce,iXLsDYvypOJ,Finland
448,Hailey,Sasser,hsassercf@github.com,hsassercf,Nel1mvXrqKY,United States
449,Francyne,Bumphries,fbumphriescg@dailymail.co.uk,fbumphriescg,xPwyPVOIyl,Czech Republic
450,Claretta,Govier,cgovierch@live.com,cgovierch,LOFbQFfyiv,Argentina
451,Lorelei,Craft,lcraftci@ehow.com,lcraftci,gs8CdUfyEMdP,Norway
452,Denise,Sircomb,dsircombcj@odnoklassniki.ru,dsircombcj,3iTsTF,Poland
453,Lars,Gudeman,lgudemanck@e-recht24.de,lgudemanck,m4TxB9K,Colombia
454,Cordi,Easeman,ceasemancl@geocities.com,ceasemancl,eg0TkbH63a,Guinea
455,Rina,Faughny,rfaughnycm@amazon.co.jp,rfaughnycm,esIMQch7mn,Brazil
456,Marcelline,Syson,msysoncn@pagesperso-orange.fr,msysoncn,9OfYPxeMCs,Sweden
457,Karyl,Hauxby,khauxbyco@theguardian.com,khauxbyco,yqCHcSX,China
458,Haily,Raisbeck,hraisbeckcp@freewebs.com,hraisbeckcp,dUiULoH7eg,Malaysia
459,Ailene,Ramsay,aramsaycq@sphinn.com,aramsaycq,mJ9ZQ7czqhow,China
460,Leslie,Stanier,lstaniercr@microsoft.com,lstaniercr,HZlXr7leBj,China
461,Micheil,Cestard,mcestardcs@sogou.com,mcestardcs,pNYORwg,Pakistan
462,Carolyn,Clunan,cclunanct@whitehouse.gov,cclunanct,sPs10SwPc,Moldova
463,Craig,Dempster,cdempstercu@netlog.com,cdempstercu,1r4q4AdkLhuA,Lesotho
464,Gar,Tedstone,gtedstonecv@dyndns.org,gtedstonecv,5XVBCi,Cyprus
465,Viviene,Brumby,vbrumbycw@pen.io,vbrumbycw,H4wqUOt,Indonesia
466,Berkeley,Kernermann,bkernermanncx@pinterest.com,bkernermanncx,PvX0ZcfMO,United States
467,Noel,Rhule,nrhulecy@archive.org,nrhulecy,V4O5V4ZLN,Ukraine
468,Marigold,Wardesworth,mwardesworthcz@bbc.co.uk,mwardesworthcz,91QyPKqA4T,Ukraine
469,Myrle,Owen,mowend0@engadget.com,mowend0,pusOl13,Portugal
470,Bernetta,Dallon,bdallond1@jugem.jp,bdallond1,mbvkT105Y,Gabon
471,Thorpe,Sloat,tsloatd2@squidoo.com,tsloatd2,QsJ18sq9GhR,Peru
472,Lincoln,Franckton,lfrancktond3@miibeian.gov.cn,lfrancktond3,cAbvLMk,China
473,Brose,Firbanks,bfirbanksd4@squidoo.com,bfirbanksd4,VKHf1u1,Panama
474,Brandise,Mervyn,bmervynd5@cbsnews.com,bmervynd5,JLYzbr09zx,Portugal
475,Anita,Louedey,alouedeyd6@arstechnica.com,alouedeyd6,1ZaLzc7MHS,Brazil
476,Yelena,Hardware,yhardwared7@bigcartel.com,yhardwared7,BonMuqwKE,Kenya
477,Bordie,Conwell,bconwelld8@sogou.com,bconwelld8,lzTQlOTG0YK,China
478,Courtenay,Perrett,cperrettd9@themeforest.net,cperrettd9,BKAAzLzBg,Czech Republic
479,Vannie,Doneld,vdoneldda@imdb.com,vdoneldda,Bo3HgltYJn,China
480,Rosita,Kusick,rkusickdb@stanford.edu,rkusickdb,IHZ99J2E,China
481,Lusa,Pottell,lpottelldc@zimbio.com,lpottelldc,cbz46Joz,Brazil
482,Bing,Benech,bbenechdd@ezinearticles.com,bbenechdd,COUfZqG8Hj,France
483,Riley,Karby,rkarbyde@jigsy.com,rkarbyde,sKnAGyN,Nigeria
484,Dun,Topliss,dtoplissdf@nydailynews.com,dtoplissdf,cK756Y,Colombia
485,Daniela,Piddock,dpiddockdg@w3.org,dpiddockdg,1ljrkfWWK7Y,Argentina
486,Julius,Von Brook,jvonbrookdh@wikia.com,jvonbrookdh,Qqb27c,Vietnam
487,Damian,Tumpane,dtumpanedi@tumblr.com,dtumpanedi,YeLVcOL3trC,Indonesia
488,Tommie,Flockhart,tflockhartdj@ow.ly,tflockhartdj,hPGLIjsv0Sr,Iraq
489,Gilles,Lamming,glammingdk@hhs.gov,glammingdk,Q5Oc4H7inl,China
490,Hettie,Kerley,hkerleydl@last.fm,hkerleydl,G3I6mg,Indonesia
491,Aldin,Reddick,areddickdm@cornell.edu,areddickdm,eqa6ZlTIgu7,Nicaragua
492,Axel,Le Grand,alegranddn@wordpress.org,alegranddn,zhUaeKr,Russia
493,Kort,Jandourek,kjandourekdo@virginia.edu,kjandourekdo,7uMiISr,Philippines
494,Grenville,Nesbeth,gnesbethdp@umn.edu,gnesbethdp,MG9xYXq,Russia
495,Renaldo,Rasher,rrasherdq@wordpress.com,rrasherdq,qx5Sdk0RJ,China
496,Conn,Stoyles,cstoylesdr@europa.eu,cstoylesdr,Nid7v5nk,France
497,Lillian,Wethers,lwethersds@t-online.de,lwethersds,8kHrM1J,Madagascar
498,Denver,Jagels,djagelsdt@wunderground.com,djagelsdt,uk8CXT,Brazil
499,Maybelle,Rettie,mrettiedu@webeden.co.uk,mrettiedu,sDvebdl,Macedonia
500,Broderic,Fawdrey,bfawdreydv@amazon.com,bfawdreydv,SFg0c1fFA,Czech Republic
501,Kelley,Vasse,kvassedw@mozilla.org,kvassedw,5ZYIGqf,Philippines
502,Ricca,Antony,rantonydx@dell.com,rantonydx,rw0AJQu,Bangladesh
503,Evita,Whiterod,ewhiteroddy@arstechnica.com,ewhiteroddy,A5sqfwpw1,Indonesia
504,Mendie,Danne,mdannedz@t-online.de,mdannedz,8rSIpWLmye8v,Greece
505,Peyton,Schulkins,pschulkinse0@mac.com,pschulkinse0,Qao40WvUFj,France
506,Mathilde,Scandwright,mscandwrighte1@odnoklassniki.ru,mscandwrighte1,PI03Brh,United States
507,Burty,Dressel,bdressele2@biglobe.ne.jp,bdressele2,XgMrhmQE0F3h,Indonesia
508,Mikey,Mapes,mmapese3@imgur.com,mmapese3,ADcrAv5j8t8,Panama
509,Jdavie,Grabert,jgraberte4@opensource.org,jgraberte4,K3OQF0A,Dominican Republic
510,Giffer,Ambroziak,gambroziake5@vkontakte.ru,gambroziake5,I3R4We,Indonesia
511,Bab,Richen,brichene6@npr.org,brichene6,kyA8besOAN,Sudan
512,Samara,Goublier,sgoubliere7@nifty.com,sgoubliere7,2shmBaBCL7qW,Portugal
513,Dael,Bassingden,dbassingdene8@nasa.gov,dbassingdene8,ifCFV2PY8hKE,Portugal
514,Daryl,McPhilip,dmcphilipe9@51.la,dmcphilipe9,B1M4orqJ,Argentina
515,Norris,Cerith,ncerithea@cocolog-nifty.com,ncerithea,4GB4BE3Zs,Poland
516,Sterling,Insall,sinsalleb@people.com.cn,sinsalleb,cK5oqpD,France
517,Cathe,Lapidus,clapidusec@discovery.com,clapidusec,f0HTRmiB6GVC,China
518,Clive,Josiah,cjosiahed@about.me,cjosiahed,06vnQxn,Mongolia
519,Madelyn,Turmel,mturmelee@umn.edu,mturmelee,39XsXyH1t,Philippines
520,Branden,enzley,benzleyef@bloomberg.com,benzleyef,tpn3kXC5GkL,American Samoa
521,Ode,Fossitt,ofossitteg@europa.eu,ofossitteg,Tt4cSFMGGQe,Vietnam
522,Korry,MacFarlan,kmacfarlaneh@bloglovin.com,kmacfarlaneh,d0tiy8,Philippines
523,Ileana,Grundwater,igrundwaterei@paypal.com,igrundwaterei,XHyvrtk,Canada
524,Wylie,Barttrum,wbarttrumej@storify.com,wbarttrumej,mhrIv69uHZ,Indonesia
525,Kennith,Hamil,khamilek@pen.io,khamilek,YWhgmruBm,Ireland
526,Raffaello,Costello,rcostelloel@blogspot.com,rcostelloel,nImQ1s7H,Vietnam
527,Hagen,Brough,hbroughem@imageshack.us,hbroughem,tljShdH,Indonesia
528,Erwin,Semeradova,esemeradovaen@virginia.edu,esemeradovaen,aKvdXv2,United States
529,Josefina,Chetwind,jchetwindeo@nytimes.com,jchetwindeo,xCEOzLi,Japan
530,Flory,Povall,fpovallep@aboutads.info,fpovallep,o052sojfDs96,Brazil
531,Garwin,Dumbrill,gdumbrilleq@myspace.com,gdumbrilleq,Hn2KaKXp,Bosnia and Herzegovina
532,Zak,May,zmayer@a8.net,zmayer,YGzi6COylc,Philippines
533,Henryetta,Waterdrinker,hwaterdrinkeres@miitbeian.gov.cn,hwaterdrinkeres,Yr6oSiN,Serbia
534,Palm,Wayland,pwaylandet@springer.com,pwaylandet,Kc4HmaVs,Benin
535,Andie,Lynagh,alynagheu@last.fm,alynagheu,tvmOlLzIF,China
536,Odelia,Hosier,ohosierev@vimeo.com,ohosierev,kYnzNp8RK,Portugal
537,Antin,Turpey,aturpeyew@vkontakte.ru,aturpeyew,MaspVJnHiwd,Philippines
538,Marco,Claxton,mclaxtonex@nhs.uk,mclaxtonex,PiIPwJ,United States
539,Tyne,Thurlby,tthurlbyey@arstechnica.com,tthurlbyey,wwUjXZ,China
540,Goldia,Handover,ghandoverez@howstuffworks.com,ghandoverez,rwDDIvL,Indonesia
541,Natalina,Creany,ncreanyf0@slideshare.net,ncreanyf0,6B6dSRTBMX,Bosnia and Herzegovina
542,Corney,Manger,cmangerf1@stumbleupon.com,cmangerf1,ddj75LE,Philippines
543,Leora,Pavolini,lpavolinif2@google.fr,lpavolinif2,ceIsdUd,France
544,Tabbie,Chester,tchesterf3@sciencedaily.com,tchesterf3,sGau9Nj,Mexico
545,Madlin,Faragher,mfaragherf4@parallels.com,mfaragherf4,RmRR2j,Lithuania
546,Herbie,Boow,hboowf5@bluehost.com,hboowf5,v0RGvbu1Ncu,China
547,Korry,Chaldecott,kchaldecottf6@sciencedaily.com,kchaldecottf6,CZocEdPGOLO,France
548,Malvina,Tutchings,mtutchingsf7@time.com,mtutchingsf7,bbKdJ6eO8,Dominican Republic
549,Jedediah,Renvoys,jrenvoysf8@blogger.com,jrenvoysf8,ocPQ16Q,Thailand
550,Dillie,Marmion,dmarmionf9@rakuten.co.jp,dmarmionf9,UO9g6aKx4Y,Philippines
551,Cate,Tournie,ctourniefa@w3.org,ctourniefa,v1VZGTi1NFN,Brazil
552,Jaquelin,Vaughton,jvaughtonfb@aol.com,jvaughtonfb,tCaw6rUS,China
553,Hyacintha,Baggarley,hbaggarleyfc@ucsd.edu,hbaggarleyfc,TQs0YEofDC,Mexico
554,Rochella,Sturge,rsturgefd@forbes.com,rsturgefd,5i6Iyb,Poland
555,Fanechka,Tutin,ftutinfe@sina.com.cn,ftutinfe,g1pLZBqKA,Sweden
556,Sallyann,Tydeman,stydemanff@yahoo.com,stydemanff,7GhSceB,Kazakhstan
557,Gerta,Heal,ghealfg@wix.com,ghealfg,h78rvNEydrR,China
558,Woody,Broseke,wbrosekefh@digg.com,wbrosekefh,AeYyArWwby,Russia
559,Quincey,Cornehl,qcornehlfi@soup.io,qcornehlfi,rpcoRRM4xM,Colombia
560,Marta,Rowbottam,mrowbottamfj@trellian.com,mrowbottamfj,rHROf0yV9S,Russia
561,Blanch,Furber,bfurberfk@slate.com,bfurberfk,Y24A9Jkvb,Indonesia
562,Ginnifer,Warne,gwarnefl@cpanel.net,gwarnefl,9hHw7Dl6bw,Russia
563,Lelah,Perago,lperagofm@virginia.edu,lperagofm,49Rpj9Cf6oR,United States
564,Joycelin,Close,jclosefn@reddit.com,jclosefn,kXdBDU4xJDjC,Indonesia
565,Ilse,Simounet,isimounetfo@reddit.com,isimounetfo,AzGzfoekA36e,Luxembourg
566,Timofei,O'Dowd,todowdfp@miibeian.gov.cn,todowdfp,LsFCmS8r97Sz,North Korea
567,Violante,Starkey,vstarkeyfq@mayoclinic.com,vstarkeyfq,VuUkjXZr,Egypt
568,Trevor,Thurlow,tthurlowfr@tripod.com,tthurlowfr,ro8qzpzZL,Brazil
569,Ddene,Swanbourne,dswanbournefs@devhub.com,dswanbournefs,2lGTrPBhsk,China
570,Chane,Cauldfield,ccauldfieldft@cpanel.net,ccauldfieldft,73ubjf2ugzV,Brazil
571,Ringo,Krale,rkralefu@state.tx.us,rkralefu,6wA49SA0veD,Ecuador
572,Flossie,Kliner,fklinerfv@walmart.com,fklinerfv,14hPRO8VwPj,Philippines
573,Travis,Glozman,tglozmanfw@adobe.com,tglozmanfw,3XE0sphsCg6,Ukraine
574,Caralie,Shelborne,cshelbornefx@geocities.jp,cshelbornefx,pbO9akws4a,Guinea-Bissau
575,Lyndsey,Hails,lhailsfy@howstuffworks.com,lhailsfy,6i7ndC4,China
576,Estele,Halleybone,ehalleybonefz@joomla.org,ehalleybonefz,R3LeqQ7zB4,Indonesia
577,Kirsteni,Eliasson,keliassong0@altervista.org,keliassong0,J2wgZ1Tcc,Nigeria
578,Emyle,Eddies,eeddiesg1@cbsnews.com,eeddiesg1,TgOQlmYyAi0,Botswana
579,Channa,Masi,cmasig2@yellowbook.com,cmasig2,BHctdE,Colombia
580,Barnabas,Baston,bbastong3@msu.edu,bbastong3,4pIPqcJsVne,Bangladesh
581,Aguste,Ruger,arugerg4@mysql.com,arugerg4,EWfhBCM9y1,Brazil
582,Melva,Leaver,mleaverg5@mit.edu,mleaverg5,DqxV7DdKa,Malaysia
583,Bren,Tiffany,btiffanyg6@skype.com,btiffanyg6,pUtxyMCv,Indonesia
584,Tabor,Filippyev,tfilippyevg7@constantcontact.com,tfilippyevg7,DR9tajia,Philippines
585,Emeline,Cross,ecrossg8@cbslocal.com,ecrossg8,5Asv69pi,Indonesia
586,Dahlia,Leach,dleachg9@twitpic.com,dleachg9,cApNvh,China
587,Fawnia,Surman-Wells,fsurmanwellsga@csmonitor.com,fsurmanwellsga,epBl2pZk,Portugal
588,Collette,Fullager,cfullagergb@flavors.me,cfullagergb,DG6qkAu2W9b,Sweden
589,Max,Van Vuuren,mvanvuurengc@t-online.de,mvanvuurengc,2ndE0Vda,Greece
590,Joaquin,Lilliman,jlillimangd@google.co.uk,jlillimangd,h9Sx749Kf,Indonesia
591,Reece,Tiernan,rtiernange@jigsy.com,rtiernange,IXiz4Rs3idw,Nigeria
592,Roberta,Banke,rbankegf@dailymotion.com,rbankegf,zDILgYbCK,Armenia
593,Miles,Jedrzejkiewicz,mjedrzejkiewiczgg@domainmarket.com,mjedrzejkiewiczgg,luDelCXwqBX,China
594,Ricardo,Coleiro,rcoleirogh@artisteer.com,rcoleirogh,CnUVsy,France
595,Aimee,Keigher,akeighergi@webeden.co.uk,akeighergi,ajAOWIowIfQB,Bangladesh
596,Mickie,Dudding,mduddinggj@nasa.gov,mduddinggj,jnaoEPc,Argentina
597,Cami,Filipic,cfilipicgk@youtu.be,cfilipicgk,KGJp7o4nc8,China
598,Godfry,Shelvey,gshelveygl@ezinearticles.com,gshelveygl,BWg7vUkzF,Russia
599,Bellina,McDonand,bmcdonandgm@addtoany.com,bmcdonandgm,zfIZSYTPh,Australia
600,Bettina,Newborn,bnewborngn@godaddy.com,bnewborngn,drPHoYu506s,Poland
601,Marielle,Yeskov,myeskovgo@blinklist.com,myeskovgo,kivmxBtJLApP,China
602,Rosaleen,Francescuzzi,rfrancescuzzigp@miibeian.gov.cn,rfrancescuzzigp,gXOZj9T,Argentina
603,Shelba,Leefe,sleefegq@washingtonpost.com,sleefegq,jwtoUsGji0L,Japan
604,Theresina,Mundford,tmundfordgr@tmall.com,tmundfordgr,nerMTBDh4lc,Sweden
605,Carrissa,Hall,challgs@youtube.com,challgs,JDFTiDvME3,Peru
606,Ashely,Cancellieri,acancellierigt@netlog.com,acancellierigt,v7hLIFVqqsdW,China
607,Mill,McKane,mmckanegu@theguardian.com,mmckanegu,IHtXgfBZuWDl,Norway
608,Xena,Hartzogs,xhartzogsgv@geocities.com,xhartzogsgv,lr9sXOnCSZo,Indonesia
609,Hyacinthe,Lemery,hlemerygw@google.de,hlemerygw,SIo850uBzK,United States
610,Calv,Inkster,cinkstergx@bloglovin.com,cinkstergx,fXOnnch,United States
611,Rudy,Thombleson,rthomblesongy@people.com.cn,rthomblesongy,JKaglK00Q,Poland
612,Ericha,Cristea,ecristeagz@fc2.com,ecristeagz,Lxr2Y3Ag,Vietnam
613,Dorothy,Burth,dburthh0@nba.com,dburthh0,lbnysCm9,Russia
614,Marna,Chadburn,mchadburnh1@alexa.com,mchadburnh1,AV10ilDL0,Japan
615,Glyn,Dyte,gdyteh2@xinhuanet.com,gdyteh2,iBua26cI,Indonesia
616,Milo,Hanbidge,mhanbidgeh3@nbcnews.com,mhanbidgeh3,2cBDqX,Poland
617,Abraham,Glason,aglasonh4@symantec.com,aglasonh4,IwykCiZe,Philippines
618,Aurore,Welton,aweltonh5@ebay.com,aweltonh5,vL2e5Yz,France
619,Ailene,Karlolak,akarlolakh6@kickstarter.com,akarlolakh6,PF1F65N1rl,Denmark
620,Alfons,Tomlett,atomletth7@plala.or.jp,atomletth7,i1DiJuy4Zt,France
621,Herold,Strand,hstrandh8@cmu.edu,hstrandh8,JSFotz9aMZjT,Vietnam
622,Rudd,Mungan,rmunganh9@businessinsider.com,rmunganh9,cdlpRRN,Venezuela
623,Francine,Heaton,fheatonha@dell.com,fheatonha,FzqYItCmsuLr,China
624,Elijah,Hawkswood,ehawkswoodhb@reuters.com,ehawkswoodhb,PkZg5B,Vietnam
625,Elmer,Luckcuck,eluckcuckhc@freewebs.com,eluckcuckhc,sXLcRkzgT,China
626,Demetre,Poulter,dpoulterhd@latimes.com,dpoulterhd,bOOyXGd2QzeM,Pakistan
627,Mara,Fake,mfakehe@sphinn.com,mfakehe,LWlzOpNqM,Venezuela
628,Drusi,Absolem,dabsolemhf@nhs.uk,dabsolemhf,R20tU4oWzT,Poland
629,Lissi,Stothert,lstotherthg@skype.com,lstotherthg,QygeRUDTSpZw,Croatia
630,Angelita,Croxton,acroxtonhh@bizjournals.com,acroxtonhh,CzLhuKo6W,Norway
631,Peterus,Bramwich,pbramwichhi@clickbank.net,pbramwichhi,PGHK9BSZBeZ5,Russia
632,Alanah,Aldrick,aaldrickhj@lycos.com,aaldrickhj,xkEmlnT4y5Kn,France
633,Gina,Benny,gbennyhk@topsy.com,gbennyhk,9Xw97cP,Portugal
634,Sally,Scannell,sscannellhl@phpbb.com,sscannellhl,DwpVVJf,Russia
635,Ram,Symmons,rsymmonshm@drupal.org,rsymmonshm,QXvThLb,Greece
636,Dinah,Dorning,ddorninghn@trellian.com,ddorninghn,wi1jtCQV,Vietnam
637,Beck,Iddons,biddonsho@storify.com,biddonsho,yOfejluz,China
638,Jamie,Francescuccio,jfrancescucciohp@netvibes.com,jfrancescucciohp,6faQIq,China
639,Kriste,Joynes,kjoyneshq@amazon.com,kjoyneshq,jphj7dG1dN,Brazil
640,Umeko,Gamon,ugamonhr@nifty.com,ugamonhr,445cOs32,Madagascar
641,Dyanne,Meaking,dmeakinghs@dedecms.com,dmeakinghs,4QWf8nG8WTX1,Dominican Republic
642,Rebbecca,Russe,rrusseht@usa.gov,rrusseht,NhsqLJU,France
643,Annetta,Benning,abenninghu@japanpost.jp,abenninghu,NTzzNr9M,Ukraine
644,Mike,Ference,mferencehv@wiley.com,mferencehv,JFv68h0t,United States
645,Cristian,Asken,caskenhw@earthlink.net,caskenhw,wsULhbW,United States
646,Percy,Willeson,pwillesonhx@sohu.com,pwillesonhx,vFjJ17,Dominican Republic
647,Nisse,Backshell,nbackshellhy@theglobeandmail.com,nbackshellhy,jxw7Ib7c,Indonesia
648,Tull,Dangerfield,tdangerfieldhz@hibu.com,tdangerfieldhz,AWBxoAXi5KW,China
649,Pamela,Chasmer,pchasmeri0@sogou.com,pchasmeri0,N5BAhLTkl,United States
650,Tudor,Boyes,tboyesi1@i2i.jp,tboyesi1,O7MQSh1Hips,China
651,Dianne,Bartod,dbartodi2@bloomberg.com,dbartodi2,VmADGI,China
652,Romain,Mathwen,rmathweni3@weebly.com,rmathweni3,wxLcqHctyorp,Indonesia
653,Ric,Sullivan,rsullivani4@flickr.com,rsullivani4,NcmGBzaVESg,United Kingdom
654,Micky,Absolem,mabsolemi5@xing.com,mabsolemi5,wZ1jsr3A6Wq,Brazil
655,Will,de Najera,wdenajerai6@about.me,wdenajerai6,27zfyu1U,Nigeria
656,Hobard,Lamy,hlamyi7@cnbc.com,hlamyi7,WTYCP1gX3,Tunisia
657,Fey,Burnett,fburnetti8@mapquest.com,fburnetti8,j8JlPwgWtIu4,Poland
658,Sherrie,Charlin,scharlini9@sun.com,scharlini9,4rbmKfvG5n,Panama
659,Flynn,Burnup,fburnupia@washingtonpost.com,fburnupia,Lsvurh,Poland
660,Concettina,Corkett,ccorkettib@technorati.com,ccorkettib,jBYzqHpr,Portugal
661,Veriee,Curreen,vcurreenic@samsung.com,vcurreenic,kFEmnXU3,Brazil
662,Link,Mintoft,lmintoftid@hugedomains.com,lmintoftid,PXIOAjBcEr,Philippines
663,Parke,Raubheim,praubheimie@buzzfeed.com,praubheimie,RwKzdj4Tk,France
664,Hubey,Rysom,hrysomif@pcworld.com,hrysomif,qGUy6wdV9ILq,Kosovo
665,Loralee,Lyston,llystonig@smugmug.com,llystonig,QbkmqC,Italy
666,Ingram,Pregel,ipregelih@illinois.edu,ipregelih,CcbiOz,Philippines
667,Findlay,Poynor,fpoynorii@princeton.edu,fpoynorii,Xher0L,Russia
668,Gardener,Maynard,gmaynardij@yolasite.com,gmaynardij,WNOJ86f,China
669,Vincents,Toppes,vtoppesik@odnoklassniki.ru,vtoppesik,0Ezduz,Indonesia
670,Zack,Frostdick,zfrostdickil@marketwatch.com,zfrostdickil,bvuXoiSayAyw,China
671,Ferd,Alabone,falaboneim@mail.ru,falaboneim,vvFx6kvBMOU,China
672,Maddie,Smeeth,msmeethin@wix.com,msmeethin,Zl9elvyqlDa,China
673,Dene,Ellin,dellinio@twitpic.com,dellinio,4M0hdn5foN,Philippines
674,Giulietta,Yurygyn,gyurygynip@irs.gov,gyurygynip,kfXebWbmFeZ,Japan
675,Tomaso,Scargle,tscargleiq@ovh.net,tscargleiq,WbvsgyY1DWaq,China
676,Garrett,Treweke,gtrewekeir@ovh.net,gtrewekeir,RoeYlznK9,Russia
677,Mufi,Kaman,mkamanis@nytimes.com,mkamanis,CpmUvzd,China
678,Brit,Elflain,belflainit@statcounter.com,belflainit,FethyhSL,France
679,Son,Macci,smacciiu@pagesperso-orange.fr,smacciiu,7Mz7z9,Indonesia
680,Gunter,Massey,gmasseyiv@topsy.com,gmasseyiv,uOHZvt0G,Indonesia
681,Candace,Farmar,cfarmariw@hao123.com,cfarmariw,ZhChiC51,Mexico
682,Eliza,Longmead,elongmeadix@tripadvisor.com,elongmeadix,TBCAsPxdfce,Philippines
683,Kizzie,Alexsandrowicz,kalexsandrowicziy@mapy.cz,kalexsandrowicziy,parpSYE7,Malaysia
684,Andriette,Bilbrook,abilbrookiz@pbs.org,abilbrookiz,LMSOJNsf,Czech Republic
685,Malorie,Alvaro,malvaroj0@nps.gov,malvaroj0,QCAh8aY,France
686,Marena,Richin,mrichinj1@goo.gl,mrichinj1,UE7FKNtp,Botswana
687,Violetta,Cammacke,vcammackej2@theguardian.com,vcammackej2,oDdSf9t47,Germany
688,Thaxter,MacVagh,tmacvaghj3@wired.com,tmacvaghj3,QyP9hOetzS,Nigeria
689,Grannie,Mabbs,gmabbsj4@bravesites.com,gmabbsj4,zqzTDEPL,China
690,Redd,Smullen,rsmullenj5@plala.or.jp,rsmullenj5,2XTHQYEZ7eO6,Sudan
691,Emilee,Waulker,ewaulkerj6@angelfire.com,ewaulkerj6,Y0LZxbfjB,Costa Rica
692,Goddard,Dixsee,gdixseej7@parallels.com,gdixseej7,kYfRvvY,Indonesia
693,Grete,Fredson,gfredsonj8@hubpages.com,gfredsonj8,3tO5xV,Indonesia
694,Nettie,Connue,nconnuej9@yahoo.co.jp,nconnuej9,30GIWTr3hFrd,Netherlands
695,Cybill,Gwilliams,cgwilliamsja@furl.net,cgwilliamsja,Z7aJt7HY,Indonesia
696,Torey,Sibbe,tsibbejb@comcast.net,tsibbejb,rsQNhX1Bt,China
697,Terri,Stoter,tstoterjc@com.com,tstoterjc,bmTiZZfHVPUH,Poland
698,Uta,Bresland,ubreslandjd@rakuten.co.jp,ubreslandjd,edJgpqFX7Db,United Arab Emirates
699,Lucretia,De Antoni,ldeantonije@aboutads.info,ldeantonije,kCZrHtQKK,Indonesia
700,Bryant,Waddam,bwaddamjf@disqus.com,bwaddamjf,ZzPrzLkWM,Brazil
701,Carlynne,Parfett,cparfettjg@netlog.com,cparfettjg,aIRoEeOsPvn,China
702,Nikita,Brian,nbrianjh@cam.ac.uk,nbrianjh,FARGvH,Brazil
703,Riccardo,MacUchadair,rmacuchadairji@constantcontact.com,rmacuchadairji,Ykme6dZ6JV,China
704,Averill,Ponnsett,aponnsettjj@sfgate.com,aponnsettjj,NEddaIF3d,Mexico
705,Tiphani,Axtell,taxtelljk@youtu.be,taxtelljk,36dXx8nlW,Indonesia
706,Diannne,Woodes,dwoodesjl@godaddy.com,dwoodesjl,Le8iQ9e4Z,Mexico
707,Rhiamon,Eccersley,reccersleyjm@foxnews.com,reccersleyjm,TKjOQe85xZS,France
708,Sayers,Cleave,scleavejn@si.edu,scleavejn,o36FQYUuB,Brazil
709,Barn,Sherratt,bsherrattjo@nymag.com,bsherrattjo,VBnwFHn,Indonesia
710,Cesaro,Derell,cderelljp@amazon.co.uk,cderelljp,ZrAtZi9eNW,France
711,Tressa,McKomb,tmckombjq@bluehost.com,tmckombjq,l6uCnmPdF,Ukraine
712,Lindsey,Georg,lgeorgjr@google.com.au,lgeorgjr,1ZgQ2EsFpC1,United States
713,Dolli,Lycett,dlycettjs@dagondesign.com,dlycettjs,KgpvL6zyCE,France
714,Pier,Postan,ppostanjt@blogtalkradio.com,ppostanjt,gZ72nZ,Barbados
715,Georgianne,Horstead,ghorsteadju@comsenz.com,ghorsteadju,6iVn0ngF2A2O,Albania
716,Felipa,Naldrett,fnaldrettjv@blinklist.com,fnaldrettjv,AOZL9XckL,Philippines
717,Jaynell,McCully,jmccullyjw@spiegel.de,jmccullyjw,GPgtudek,Russia
718,Charlotte,Washington,cwashingtonjx@mediafire.com,cwashingtonjx,tDFkzndzl3bH,France
719,Cirilo,Giuron,cgiuronjy@reuters.com,cgiuronjy,ZE6PbQTP1,Slovenia
720,Carri,Kitcher,ckitcherjz@engadget.com,ckitcherjz,CPq4v8IAOG,Russia
721,Renault,Simkovich,rsimkovichk0@hatena.ne.jp,rsimkovichk0,HUIdzbPwr7x,Macedonia
722,Raymond,Weald,rwealdk1@omniture.com,rwealdk1,K1SoEPIA,France
723,Josefa,Askey,jaskeyk2@artisteer.com,jaskeyk2,iemtcH1qMU,Sweden
724,Annabal,Graeser,agraeserk3@altervista.org,agraeserk3,UExThp3s,Philippines
725,Anderson,Lakenton,alakentonk4@ibm.com,alakentonk4,PcrMz57,Ukraine
726,Winfred,Sackur,wsackurk5@pagesperso-orange.fr,wsackurk5,YSCCTFli,Sweden
727,Nolly,Ungerer,nungererk6@spotify.com,nungererk6,9BqrDwiWbz,Ukraine
728,Emanuel,Dyster,edysterk7@dmoz.org,edysterk7,LNGsixVx,Philippines
729,Marge,Bousfield,mbousfieldk8@hatena.ne.jp,mbousfieldk8,4Sbf9pc,Thailand
730,Lynnett,Younie,lyouniek9@upenn.edu,lyouniek9,cKz6IJ,Indonesia
731,Abbe,Bangle,abangleka@marketwatch.com,abangleka,xK84alj9g,Latvia
732,Noelyn,Powter,npowterkb@stumbleupon.com,npowterkb,UMkjVl,Philippines
733,Augustina,Baccas,abaccaskc@huffingtonpost.com,abaccaskc,svc0X2SM,Russia
734,Pet,Cockren,pcockrenkd@barnesandnoble.com,pcockrenkd,Nkcqmo,Indonesia
735,Valaria,Jillions,vjillionske@naver.com,vjillionske,4SjUXqe,Canada
736,Francoise,Kiloh,fkilohkf@naver.com,fkilohkf,DNJXs8s4No,Czech Republic
737,Lavina,Hawyes,lhawyeskg@cornell.edu,lhawyeskg,DIMATx3,Philippines
738,Krystle,Wybrew,kwybrewkh@amazon.com,kwybrewkh,4mUWq4U,Netherlands
739,Kacy,Paunsford,kpaunsfordki@noaa.gov,kpaunsfordki,QG8yX5itT97,Norway
740,Libbey,Maffia,lmaffiakj@clickbank.net,lmaffiakj,6F1dBe,Philippines
741,Itch,Janssens,ijanssenskk@photobucket.com,ijanssenskk,bIvk5fw8,China
742,Reinaldo,Sayes,rsayeskl@webnode.com,rsayeskl,JYhGUK,Poland
743,Guenevere,Janoch,gjanochkm@fc2.com,gjanochkm,5eEcy99NofJ,Thailand
744,Julietta,Jozefiak,jjozefiakkn@prlog.org,jjozefiakkn,5a10En,Colombia
745,Deanne,Cumes,dcumesko@naver.com,dcumesko,6RxgjV,Czech Republic
746,Raphael,Girodier,rgirodierkp@webeden.co.uk,rgirodierkp,PMYW8WxwxkdL,China
747,Wandis,Hounsome,whounsomekq@com.com,whounsomekq,8JOF7sm4fEr,Belarus
748,Dorey,Kydde,dkyddekr@infoseek.co.jp,dkyddekr,OGHFTbmh1j2,Panama
749,Emeline,Killner,ekillnerks@chronoengine.com,ekillnerks,kex3JXmFx,Russia
750,Travus,Berr,tberrkt@nydailynews.com,tberrkt,WwEAlG7,China
751,Nannette,Sworne,nsworneku@washingtonpost.com,nsworneku,uAgOpRxco,China
752,Barrie,Jedrachowicz,bjedrachowiczkv@ameblo.jp,bjedrachowiczkv,xInatN6,Slovenia
753,Tom,Badman,tbadmankw@illinois.edu,tbadmankw,NyCEq4,Poland
754,Kally,Donaho,kdonahokx@va.gov,kdonahokx,DnSUT3,Indonesia
755,Justis,Cary,jcaryky@ucsd.edu,jcaryky,M6G0O8,Indonesia
756,Margarita,Cowden,mcowdenkz@jigsy.com,mcowdenkz,WlQIwj,Philippines
757,Mireille,Dunhill,mdunhilll0@adobe.com,mdunhilll0,GcoBdvlETlnz,Russia
758,Silvio,Fullalove,sfullalovel1@spiegel.de,sfullalovel1,0aUGgX8D,Indonesia
759,Lori,Marini,lmarinil2@wikipedia.org,lmarinil2,BQiEbgc,Andorra
760,Doyle,Godmer,dgodmerl3@blogtalkradio.com,dgodmerl3,DKPxEkcZB0,Finland
761,Jasper,Tramel,jtramell4@va.gov,jtramell4,8JfdLCz,France
762,Elsie,Camel,ecamell5@java.com,ecamell5,UUsHsJknx,China
763,Milicent,Van't Hoff,mvanthoffl6@wikipedia.org,mvanthoffl6,bIuadAeGEVD,Poland
764,Ellwood,Berford,eberfordl7@trellian.com,eberfordl7,cfFofGSLj,Poland
765,Enoch,Bauldrey,ebauldreyl8@ucla.edu,ebauldreyl8,cVZqM3giQ4c,Russia
766,Tucky,Pozzi,tpozzil9@yahoo.co.jp,tpozzil9,6NCEqgC4l4,Ukraine
767,Barthel,Laight,blaightla@lulu.com,blaightla,XvJUppIVQkC,Poland
768,Babara,Westmerland,bwestmerlandlb@simplemachines.org,bwestmerlandlb,bjTTwHTa,Brazil
769,Theodor,Band,tbandlc@ycombinator.com,tbandlc,VntMD8jqhx,Serbia
770,Bronson,Gowland,bgowlandld@ebay.co.uk,bgowlandld,X6qtJSx,Peru
771,Wren,Jesse,wjessele@sfgate.com,wjessele,SklARMb,Nigeria
772,Myrta,Taffe,mtaffelf@unblog.fr,mtaffelf,jyIE2nirBCe,Ukraine
773,Adrian,Yonnie,ayonnielg@hao123.com,ayonnielg,3D4KIj,Tunisia
774,Raeann,Dyke,rdykelh@imdb.com,rdykelh,HAoIHs895,Russia
775,Jackelyn,Sawtell,jsawtellli@admin.ch,jsawtellli,9Uu1ONl,Cuba
776,Leanor,Duplain,lduplainlj@ameblo.jp,lduplainlj,5vYhuAK,China
777,Frasier,Cescoti,fcescotilk@skype.com,fcescotilk,q4GWhzQA,United Kingdom
778,Shirl,Gimber,sgimberll@etsy.com,sgimberll,M0yXRMrt,Portugal
779,Peggi,Sunock,psunocklm@rambler.ru,psunocklm,8yNnks3ggGNO,Canada
780,Lloyd,Koene,lkoeneln@yolasite.com,lkoeneln,KtFvm7,Russia
781,Alfy,Ogg,aogglo@dedecms.com,aogglo,Zb37jVPul3,Argentina
782,Dalton,Bromilow,dbromilowlp@shop-pro.jp,dbromilowlp,pewmp3hX07,United States
783,Augusta,De La Coste,adelacostelq@google.co.uk,adelacostelq,Lv1F1Q4,China
784,Barbabra,Heffernan,bheffernanlr@weebly.com,bheffernanlr,ZEQEI5E0jpS,China
785,Sebastien,Le Guin,sleguinls@oaic.gov.au,sleguinls,L4vwYnjLQ9wp,China
786,Reinaldo,Cass,rcasslt@ask.com,rcasslt,wXZi8mBQZcgZ,Indonesia
787,Lotti,Woodford,lwoodfordlu@senate.gov,lwoodfordlu,JAGLUHPXY,Ukraine
788,Hobey,Leneve,hlenevelv@ycombinator.com,hlenevelv,6xVgpwV2cxHU,United States
789,Miranda,Mearns,mmearnslw@marketwatch.com,mmearnslw,TMNKdCp,Indonesia
790,Nancie,Venny,nvennylx@chicagotribune.com,nvennylx,dBcn4Ma,Brazil
791,Correy,Wotherspoon,cwotherspoonly@fastcompany.com,cwotherspoonly,Tg42EdsK,Germany
792,Carin,Crutcher,ccrutcherlz@netvibes.com,ccrutcherlz,LA2j7eXQvsb,Brazil
793,Wilburt,Oliveto,wolivetom0@blogspot.com,wolivetom0,gJea3hE,Myanmar
794,Cynde,Ubsdall,cubsdallm1@photobucket.com,cubsdallm1,2eChSO19Ph,China
795,Lindy,Henric,lhenricm2@hatena.ne.jp,lhenricm2,xpKg0d2t1Y,China
796,Alphonso,Swigger,aswiggerm3@arstechnica.com,aswiggerm3,p0VdGQxWZ6R,Brazil
797,Jeanine,Gummery,jgummerym4@washington.edu,jgummerym4,5Y15LG3,China
798,Cissy,Engall,cengallm5@cdbaby.com,cengallm5,cPGaqDQDq5u,Indonesia
799,Innis,Donat,idonatm6@reddit.com,idonatm6,DZQ9XeEAB,Argentina
800,Margret,Dee,mdeem7@creativecommons.org,mdeem7,kvOvoJ,South Africa
801,Jason,Stoffer,jstofferm8@omniture.com,jstofferm8,N0Qr3XkdN,Portugal
802,Cecilia,Shelsher,cshelsherm9@woothemes.com,cshelsherm9,Nun0EB1H,Morocco
803,Cullin,Wileman,cwilemanma@bluehost.com,cwilemanma,NWJlFlPC1iO,Russia
804,Anatol,Plaunch,aplaunchmb@oaic.gov.au,aplaunchmb,C2U5xp,Iran
805,Rorke,Harkins,rharkinsmc@washington.edu,rharkinsmc,JV5gNo4EbX,Honduras
806,Jesus,Potzold,jpotzoldmd@networkadvertising.org,jpotzoldmd,PYII2Vug,Japan
807,Antonina,Luparti,alupartime@bloomberg.com,alupartime,SRMGDaj,Albania
808,Seline,Wyard,swyardmf@elegantthemes.com,swyardmf,rMJ0CdY,Serbia
809,Erl,Honisch,ehonischmg@uol.com.br,ehonischmg,cc3jh1w,China
810,Cole,Bunworth,cbunworthmh@lycos.com,cbunworthmh,FpxhlgNt3,Poland
811,Mirilla,Fetherston,mfetherstonmi@ca.gov,mfetherstonmi,Oyt3bhNP4,Croatia
812,Melessa,Guilford,mguilfordmj@utexas.edu,mguilfordmj,6GxkMt,Thailand
813,Reidar,Mart,rmartmk@walmart.com,rmartmk,2LBrjU6,Philippines
814,Selby,Gillicuddy,sgillicuddyml@a8.net,sgillicuddyml,LN9TrltFsHOb,Indonesia
815,Dunstan,Shellcross,dshellcrossmm@technorati.com,dshellcrossmm,T2OrZfb,France
816,Maurits,Skillitt,mskillittmn@cbslocal.com,mskillittmn,biaghDkzN1zO,Canada
817,Ingrid,Dusting,idustingmo@loc.gov,idustingmo,i0oqw6,Peru
818,Myriam,Kamenar,mkamenarmp@jimdo.com,mkamenarmp,pUhvfZDjum0d,Indonesia
819,Eugenius,Eberst,eeberstmq@tuttocitta.it,eeberstmq,epfxn6va,Greece
820,Horten,Agg,haggmr@tiny.cc,haggmr,0RW3Tosqc7,China
821,Myrlene,Eeles,meelesms@google.ru,meelesms,kR2YyUilXho,China
822,Harman,Woodage,hwoodagemt@merriam-webster.com,hwoodagemt,tdbjaDgCS1,Colombia
823,Smith,Threadkell,sthreadkellmu@forbes.com,sthreadkellmu,IjGNci3ofB,Italy
824,Esther,Rihanek,erihanekmv@zimbio.com,erihanekmv,h8U9bAJo4WRg,Mexico
825,Lodovico,Embleton,lembletonmw@newsvine.com,lembletonmw,S1K0AVnhOb,Palau
826,Giorgi,Lemmen,glemmenmx@usatoday.com,glemmenmx,bLuiyv,China
827,Laurianne,Reily,lreilymy@yelp.com,lreilymy,nsZjLbrV,China
828,Lyle,Marco,lmarcomz@angelfire.com,lmarcomz,8oQOE8AIA,France
829,Cos,Vautrey,cvautreyn0@blinklist.com,cvautreyn0,iOCmmzDE0tL5,Indonesia
830,Base,Frapwell,bfrapwelln1@istockphoto.com,bfrapwelln1,3SQsJo,Honduras
831,Reeva,Brumbye,rbrumbyen2@ca.gov,rbrumbyen2,ERppIlN,Indonesia
832,Maridel,Weeden,mweedenn3@auda.org.au,mweedenn3,pm3ouvgqxA,China
833,Friederike,Reyner,freynern4@netlog.com,freynern4,4YTlAGrKp,Marshall Islands
834,Annabell,Storie,astorien5@washington.edu,astorien5,tjTuXWvZ9QHU,Botswana
835,Derrik,Fealy,dfealyn6@wikipedia.org,dfealyn6,jSxJmyjOO5,Mongolia
836,Sansone,Ornils,sornilsn7@quantcast.com,sornilsn7,kKNjhr,Greece
837,Fredek,Bison,fbisonn8@blogspot.com,fbisonn8,YIZmE94NLUw,Philippines
838,Rosemarie,Hamfleet,rhamfleetn9@wsj.com,rhamfleetn9,Df7nUf,Russia
839,Gael,Cuttelar,gcuttelarna@goodreads.com,gcuttelarna,Q8cntDqz7FK,Colombia
840,Linell,Merdew,lmerdewnb@bloglovin.com,lmerdewnb,jzcNR2EpkpZ3,Canada
841,Linoel,Lamputt,llamputtnc@w3.org,llamputtnc,6RtoCvHUuN,Portugal
842,Lothaire,Coathup,lcoathupnd@huffingtonpost.com,lcoathupnd,Jgc9rYI,France
843,Sebastien,MacGorrie,smacgorriene@deviantart.com,smacgorriene,0ocbzN,Ghana
844,Read,Pochon,rpochonnf@deliciousdays.com,rpochonnf,Hsf2BbKy,France
845,Evin,Gymlett,egymlettng@naver.com,egymlettng,170y0fZSX,Portugal
846,Peg,Marjanovic,pmarjanovicnh@arizona.edu,pmarjanovicnh,kIND58YbrAcC,Bulgaria
847,Holly-anne,Fandrey,hfandreyni@slate.com,hfandreyni,kdTrR6Kc,Greece
848,Cherice,Waymont,cwaymontnj@uiuc.edu,cwaymontnj,wDoeof501,Indonesia
849,Forster,Scaice,fscaicenk@pen.io,fscaicenk,RpsgNfYuubUT,Dominican Republic
850,Tobye,De Leek,tdeleeknl@delicious.com,tdeleeknl,Wmo8TH,Indonesia
851,Olympia,Merrett,omerrettnm@ucla.edu,omerrettnm,7nHQLvHmvl1p,Bahamas
852,Felipe,Evett,fevettnn@woothemes.com,fevettnn,W5Dp0cg,China
853,Tonye,Escot,tescotno@quantcast.com,tescotno,DA1HCZZ,Portugal
854,Aimil,Deschlein,adeschleinnp@yellowbook.com,adeschleinnp,sWMgUc,Indonesia
855,Bern,Glendining,bglendiningnq@imageshack.us,bglendiningnq,XblKbDmz5IjZ,South Korea
856,Annabell,Cotgrove,acotgrovenr@nyu.edu,acotgrovenr,PunjJk4,Pakistan
857,Dominga,Lean,dleanns@mail.ru,dleanns,A3HeADd,Nigeria
858,Nikaniki,Dive,ndivent@posterous.com,ndivent,2ATH042,Syria
859,Smith,Taill,staillnu@nationalgeographic.com,staillnu,Qp84Kl,Malaysia
860,Ulrick,Heinecke,uheineckenv@goodreads.com,uheineckenv,IswEiRW,United States
861,Pietra,Shatford,pshatfordnw@booking.com,pshatfordnw,6yqqv1xU,Nicaragua
862,Toinette,Westcar,twestcarnx@opera.com,twestcarnx,83qHUwQpB,Indonesia
863,Mischa,McCrainor,mmccrainorny@illinois.edu,mmccrainorny,zQRAVFm0qi,Russia
864,Manolo,Scarlett,mscarlettnz@blogs.com,mscarlettnz,RlfjrsECK00x,United Kingdom
865,Harper,Alster,halstero0@ebay.co.uk,halstero0,Z6DGlqfm,Sweden
866,Madelle,Agglione,magglioneo1@uiuc.edu,magglioneo1,ka5F7P,Philippines
867,Abbie,Baford,abafordo2@nifty.com,abafordo2,I4JccQMe3c,Brazil
868,Barbie,Haller,bhallero3@elpais.com,bhallero3,HyohVKNzm4,China
869,Daveta,Chestney,dchestneyo4@ehow.com,dchestneyo4,kp6WndwTFjJW,Philippines
870,Georgi,Darycott,gdarycotto5@cnet.com,gdarycotto5,ZvjZjEMv,United States
871,Kai,Cadreman,kcadremano6@hostgator.com,kcadremano6,76tw7bDU,Brazil
872,Ruddy,Sleet,rsleeto7@deviantart.com,rsleeto7,gLMpLR5V1yo,Argentina
873,Kikelia,Bedbrough,kbedbrougho8@hibu.com,kbedbrougho8,f89eUN,Colombia
874,Fax,Carrington,fcarringtono9@ted.com,fcarringtono9,14wg0uOxr,Poland
875,Dot,Thackeray,dthackerayoa@tumblr.com,dthackerayoa,MZAef4v,Greece
876,Mercy,Hugonin,mhugoninob@bizjournals.com,mhugoninob,gQ4TOwEzU23w,Bulgaria
877,Conny,Hollow,chollowoc@bbc.co.uk,chollowoc,AUVRMIvY,United States
878,Rabi,Tant,rtantod@blogs.com,rtantod,tCpQaG6,Indonesia
879,Poppy,Seedman,pseedmanoe@google.co.uk,pseedmanoe,HTuIbZD9sS,Palestinian Territory
880,Talya,Sheering,tsheeringof@dailymotion.com,tsheeringof,lkPJBuwKME82,China
881,Park,Jeanneau,pjeanneauog@is.gd,pjeanneauog,bZ9hwjWwyow,Philippines
882,Vicky,Kleisle,vkleisleoh@netlog.com,vkleisleoh,ABPGlii4Qtw1,Haiti
883,Delly,Devas,ddevasoi@twitpic.com,ddevasoi,8bZUQXRya,Indonesia
884,Jerri,Pietesch,jpieteschoj@ameblo.jp,jpieteschoj,E40Cxi7,Portugal
885,Alanah,Hanster,ahansterok@baidu.com,ahansterok,dOGeA3M3GVmz,China
886,Vince,Zanicchi,vzanicchiol@eventbrite.com,vzanicchiol,asedY0kBmxqx,Russia
887,Mechelle,Filppetti,mfilppettiom@blog.com,mfilppettiom,uWJmHEKUYg,Ecuador
888,Chrisse,Hessle,chessleon@cloudflare.com,chessleon,n63JgSU,China
889,Bobbe,Gass,bgassoo@cocolog-nifty.com,bgassoo,CEhND452PUq4,Yemen
890,L;urette,McCheyne,lmccheyneop@csmonitor.com,lmccheyneop,8ISrQtIgP,Ukraine
891,Boony,Sam,bsamoq@engadget.com,bsamoq,XqpnHH9XeSLh,Mexico
892,Guenevere,Genn,ggennor@telegraph.co.uk,ggennor,USiKDUfmeU,France
893,Sutton,Drury,sdruryos@goodreads.com,sdruryos,Wqam2LA,Nigeria
894,Roger,Witherdon,rwitherdonot@chicagotribune.com,rwitherdonot,zBNjsR3,Bulgaria
895,Lowrance,Maudling,lmaudlingou@usa.gov,lmaudlingou,4RXrpQgRN3N,China
896,Judd,Edmunds,jedmundsov@angelfire.com,jedmundsov,X85DkQJaKdn,Indonesia
897,Elle,Sabater,esabaterow@bigcartel.com,esabaterow,ZAW9rRrCy,Burkina Faso
898,Karina,Petit,kpetitox@time.com,kpetitox,PFvIdS,China
899,Darci,Lipmann,dlipmannoy@cam.ac.uk,dlipmannoy,PEW18KD3k4rO,Indonesia
900,Decca,Latey,dlateyoz@shareasale.com,dlateyoz,htMf65nv,Indonesia
901,Sonia,Gradley,sgradleyp0@dion.ne.jp,sgradleyp0,faOCYm0fmq,China
902,Serene,Cortez,scortezp1@gnu.org,scortezp1,4BKng2,Argentina
903,Lorinda,Darwent,ldarwentp2@odnoklassniki.ru,ldarwentp2,1Zt2BAM,China
904,Laure,Jacquest,ljacquestp3@npr.org,ljacquestp3,whXgKDl,China
905,Ignaz,Sor,isorp4@bigcartel.com,isorp4,rxsmnfZ6PHe,France
906,Lannie,McKinna,lmckinnap5@nytimes.com,lmckinnap5,jTX1mmcb,China
907,Gardiner,Quemby,gquembyp6@list-manage.com,gquembyp6,66fWhWk,Bangladesh
908,Paulina,Wotton,pwottonp7@slate.com,pwottonp7,oirTIL8byRx,Brazil
909,Vanny,Josovitz,vjosovitzp8@ycombinator.com,vjosovitzp8,wGdAqXt8ZA,Slovenia
910,Evelyn,Kattenhorn,ekattenhornp9@pcworld.com,ekattenhornp9,zpzyHQfk0mBM,Ecuador
911,Tan,Hookes,thookespa@ft.com,thookespa,56YlJh5zSmm,China
912,Mariette,Kellough,mkelloughpb@php.net,mkelloughpb,3W4POQ5LbM9D,Spain
913,Jodee,Norree,jnorreepc@opera.com,jnorreepc,DK7umkBayZ,Vietnam
914,Alexis,Meegin,ameeginpd@utexas.edu,ameeginpd,u7fZNhn,Indonesia
915,Dionis,Roscrigg,droscriggpe@home.pl,droscriggpe,bHNYc7XEeuG6,Finland
916,Jennilee,Lower,jlowerpf@elegantthemes.com,jlowerpf,xWsY4qHYNv2,Italy
917,Bobby,Darrel,bdarrelpg@nsw.gov.au,bdarrelpg,ddojqrhUczk,Russia
918,Lin,Boman,lbomanph@hubpages.com,lbomanph,6aXYkfI24qAh,China
919,Gaye,Abelevitz,gabelevitzpi@bravesites.com,gabelevitzpi,e3UCtmVm9L,Indonesia
920,Candi,Veevers,cveeverspj@pinterest.com,cveeverspj,Ta3X2YLJu,Philippines
921,Georgie,Moland,gmolandpk@eventbrite.com,gmolandpk,ScShj05QeI3,Philippines
922,Tabor,Treske,ttreskepl@noaa.gov,ttreskepl,wFB2MMzOAux,Sweden
923,Theadora,Block,tblockpm@gnu.org,tblockpm,GSD2m1,Russia
924,Bryan,Saben,bsabenpn@twitpic.com,bsabenpn,79b6guhE,Croatia
925,Lion,Phippard,lphippardpo@tmall.com,lphippardpo,Zg3Sv4ujFa,Indonesia
926,Drucie,Simonetto,dsimonettopp@ow.ly,dsimonettopp,fIfRPU7k,Tunisia
927,Wilmette,Clewes,wclewespq@de.vu,wclewespq,2GqeOvsc,Philippines
928,Field,Fleay,ffleaypr@ed.gov,ffleaypr,dczf9JT,Poland
929,Dinny,Thecham,dthechamps@trellian.com,dthechamps,7JgziAgI,Philippines
930,Armand,Ricket,aricketpt@ehow.com,aricketpt,TuhFvoa,Indonesia
931,Hayward,Scrafton,hscraftonpu@over-blog.com,hscraftonpu,9EIHYdw4,Thailand
932,Keenan,Geoghegan,kgeogheganpv@odnoklassniki.ru,kgeogheganpv,ZUIjyeqN0S,Russia
933,Ozzy,Theunissen,otheunissenpw@cdbaby.com,otheunissenpw,AqE8ODAPje,United States
934,Hallie,Corrao,hcorraopx@goodreads.com,hcorraopx,cMTIviIJWg,Albania
935,Don,Roskams,droskamspy@google.fr,droskamspy,wr69zStG,Belarus
936,Hiram,Paquet,hpaquetpz@wired.com,hpaquetpz,vag4u7IHHyyP,Panama
937,Brigit,de Keep,bdekeepq0@usatoday.com,bdekeepq0,a0Xqorp,Angola
938,Lynda,Gouldbourn,lgouldbournq1@npr.org,lgouldbournq1,4YH2e1vlP,Vietnam
939,Arlana,McCathay,amccathayq2@sitemeter.com,amccathayq2,Sg4dWZzs,Philippines
940,Nikoletta,Sterke,nsterkeq3@yandex.ru,nsterkeq3,WwTDtxyN,China
941,Pembroke,Euels,peuelsq4@rambler.ru,peuelsq4,afQa7X,France
942,Pearline,Aronovich,paronovichq5@buzzfeed.com,paronovichq5,9rCcOkIqIdYy,Germany
943,Ardella,Scogings,ascogingsq6@aol.com,ascogingsq6,TN588Y,China
944,Phillis,Redshaw,predshawq7@bloomberg.com,predshawq7,7hI8IJ7rk,Philippines
945,Conway,Blazi,cblaziq8@squidoo.com,cblaziq8,kvq3jicGI,Ukraine
946,Araldo,Beaulieu,abeaulieuq9@census.gov,abeaulieuq9,9cMzdoOOpib,China
947,Norine,Bourdas,nbourdasqa@spiegel.de,nbourdasqa,f1UKzCuwyvb,China
948,Germaine,Blowick,gblowickqb@cargocollective.com,gblowickqb,wCgZe9,Sweden
949,Theressa,Stearley,tstearleyqc@lycos.com,tstearleyqc,5BdQJbG,United States
950,Eryn,Goutcher,egoutcherqd@jalbum.net,egoutcherqd,SoLMiktUf,Russia
951,Candis,Sieb,csiebqe@businessinsider.com,csiebqe,5CctnOvQsY,Japan
952,Ignaz,Form,iformqf@cornell.edu,iformqf,kV3AWg3YZ,North Korea
953,Galvan,Viner,gvinerqg@sina.com.cn,gvinerqg,pQpZLi,China
954,Dolli,Girt,dgirtqh@amazon.co.uk,dgirtqh,OYG8jOee,Honduras
955,Courtney,Lermouth,clermouthqi@purevolume.com,clermouthqi,92IhuALmZc,Poland
956,Jillie,Fadell,jfadellqj@bravesites.com,jfadellqj,B425thBRz,Poland
957,Sadie,Balaison,sbalaisonqk@alibaba.com,sbalaisonqk,ICLddM,Russia
958,Stearne,Sussex,ssussexql@craigslist.org,ssussexql,sPhgT6LX,North Korea
959,Corty,Silversmidt,csilversmidtqm@nasa.gov,csilversmidtqm,PaD2awo,Philippines
960,Elijah,Huddy,ehuddyqn@biglobe.ne.jp,ehuddyqn,jsIHbfpYNHuz,Peru
961,Lexie,Kyndred,lkyndredqo@utexas.edu,lkyndredqo,Oo4a9dcqBFZ0,Yemen
962,Roth,Cregan,rcreganqp@princeton.edu,rcreganqp,k5bXoSB8tyh,Czech Republic
963,Gracie,Henbury,ghenburyqq@go.com,ghenburyqq,sDVKPxX,Thailand
964,Ivy,Dahlberg,idahlbergqr@issuu.com,idahlbergqr,BEulXaEQ,Laos
965,Drusi,Volage,dvolageqs@time.com,dvolageqs,cHU4kAbd,Portugal
966,Annmarie,Sprules,asprulesqt@ihg.com,asprulesqt,DwTg8p,Greece
967,Arlene,Heathfield,aheathfieldqu@wikipedia.org,aheathfieldqu,uHbdAkxreKR,Poland
968,Chelsey,Gillum,cgillumqv@photobucket.com,cgillumqv,Y9n6KP4,China
969,Zsazsa,Gullefant,zgullefantqw@phpbb.com,zgullefantqw,j5HvOryB,Russia
970,Herb,Chafer,hchaferqx@xinhuanet.com,hchaferqx,McwIsLa,Thailand
971,Karna,Jordanson,kjordansonqy@umn.edu,kjordansonqy,6Nvr5UO0VF,Mongolia
972,Phillie,Franscioni,pfranscioniqz@indiegogo.com,pfranscioniqz,vqH1GKOUqXP,United Kingdom
973,Philippa,Reef,preefr0@goo.gl,preefr0,Lo8arDZz,Poland
974,Mair,Pavlishchev,mpavlishchevr1@ucla.edu,mpavlishchevr1,MvUukV7k,China
975,Ulrike,Beslier,ubeslierr2@tiny.cc,ubeslierr2,hl31d0,Colombia
976,Christine,Squibe,csquiber3@nhs.uk,csquiber3,kN0gKBe,France
977,Nels,Waud,nwaudr4@sciencedirect.com,nwaudr4,7zN1wHPS,Russia
978,Pauly,Klima,pklimar5@tumblr.com,pklimar5,YKFh3Zq,South Africa
979,Bonnibelle,Tootal,btootalr6@cdbaby.com,btootalr6,uvd5MWJIc,Germany
980,Dorey,Napoli,dnapolir7@nbcnews.com,dnapolir7,eZFtN4TVvw,Brazil
981,Cynthie,Paragreen,cparagreenr8@scribd.com,cparagreenr8,OSFhAXjf,Indonesia
982,Dulce,Haggar,dhaggarr9@redcross.org,dhaggarr9,b903atJ0a4,Poland
983,Sigrid,Bogays,sbogaysra@freewebs.com,sbogaysra,weeAVdH6rP8,Russia
984,Darlene,Boam,dboamrb@biglobe.ne.jp,dboamrb,r6RDSXFYYhmd,China
985,Percy,Marchello,pmarchellorc@tinyurl.com,pmarchellorc,bCkpYS5WQuD2,Mexico
986,Lorenzo,O'Scully,loscullyrd@fema.gov,loscullyrd,rSvjaPmebe,Indonesia
987,Anallise,Bruckent,abruckentre@printfriendly.com,abruckentre,yVwoi3iYEsP4,China
988,Ranna,Lanmeid,rlanmeidrf@plala.or.jp,rlanmeidrf,dKhf0vFs3ckS,Greece
989,Enrico,Magnay,emagnayrg@csmonitor.com,emagnayrg,GWIzQv3aox93,Indonesia
990,Berte,Sterre,bsterrerh@abc.net.au,bsterrerh,TvwSGE2,Armenia
991,Leticia,Abby,labbyri@salon.com,labbyri,07W9ZkJgHN1w,Indonesia
992,Marven,Besemer,mbesemerrj@accuweather.com,mbesemerrj,otGmrfX,Australia
993,Marcelia,Tregido,mtregidork@zimbio.com,mtregidork,msmigZqegZtG,Argentina
994,Terrill,Hallgalley,thallgalleyrl@ebay.co.uk,thallgalleyrl,umyrQTm,Russia
995,Renata,Titcumb,rtitcumbrm@mapquest.com,rtitcumbrm,a0ZB0lu6Q,Brazil
996,Griswold,Kahan,gkahanrn@studiopress.com,gkahanrn,SGKTER7qES,Brazil
997,Ann-marie,Keuneke,akeunekero@e-recht24.de,akeunekero,gCCgLqguY,Russia
998,Fay,Di Boldi,fdiboldirp@go.com,fdiboldirp,WzR7pAbQErxV,Sweden
999,Rodrigo,Antonazzi,rantonazzirq@ed.gov,rantonazzirq,pUCLHdKOgda,Hong Kong
1000,Mag,Minelli,mminellirr@lulu.com,mminellirr,DJPuKyn6,China
